R1-CR-1-1;CRISTALINE;A
R1-GV-1-1;GROS VOLUMES1;B
R1-AA-1-1;AA 1;B
R1-GV-1-2;GROS VOLUMES2;B
R1-AA-1-2;AA 2;B
R1-GV-1-3;GROS VOLUMES3;B
R1-AA-1-3;AA 3;B
R1-AA-1-4;AA 4;B
R1-GV-1-4;GROS VOLUMES4;B
R1-GV-1-5;GROS VOLUMES5;B
R1-GV-1-6;GROS VOLUMES6;B
R1-GV-1-7;GROS VOLUMES7;B
R1-GV-1-8;GROS VOLUMES8;B
R1-MM-1-1;MM1;B
R1-MM-1-2;MM2;B
R1-MM-1-3;MM3;B
R1-NN-1-3;NN3;B
R1-NN-1-2;NN2;B
R1-NN-1-1;NN1;B
R1-CC-1-1;CC1;C
R1-BB-1-1;BB1;C
R1-CC-1-2;CC2;C
R1-BB-1-2;BB2;C
R1-CC-1-3;CC3;C
R1-BB-1-3;BB3;C
R1-CC-1-4;CC4;C
R1-BB-1-4;BB4;C
R1-DD-1-4;DD4;C
R1-EE-1-4;EE4;C
R1-DD-1-3;DD3;C
R1-EE-1-3;EE3;C
R1-DD-1-2;DD2;C
R1-EE-1-2;EE2;C
R1-DD-1-1;DD1;C
R1-EE-1-1;EE1;C
R1-GG-1-1;GG1;D
R1-FF-1-1;FF1;D
R1-GG-1-2;GG2;D
R1-FF-1-2;FF2;D
R1-GG-1-3;GG3;D
R1-FF-1-3;FF3;D
R1-GG-1-4;GG4;D
R1-FF-1-4;FF4;D
R1-HH-1-4;HH4;D
R1-II-1-3;II3;D
R1-HH-1-3;HH3;D
R1-II-1-2;II2;D
R1-HH-1-2;HH2;D
R1-II-1-1;II1;D
R1-HH-1-1;HH1;D
R1-KK-1-1;KK1;E
R1-KK-1-2;KK2;E
R1-KK-1-3;KK3;E
R1-KK-1-4;KK4;E
R1-LL-1-3;LL3;E
R1-LL-1-2;LL2;E
R1-LL-1-1;LL1;E
R1-JJ-1-3;JJ3;E
R1-OO-1-1;OO1;E
R1-OO-1-2;OO2;E
R1-OO-1-3;OO3;E
R1-PP-1-3;PP3;E
R1-PP-1-2;PP2;E
R1-PP-1-1;PP1;E
R1-JJ-1-2;JJ2;E
R1-JJ-1-1;JJ1;E
M1-EL-1-1;ALLEE TRANSVERSALE ELDPH;F
M2-AA-18-13;EAUX - 13;G
M2-AA-18-12;EAUX - 12;G
M2-AA-18-11;EAUX - 11;G
M2-AA-18-10;EAUX - 10;G
M2-AA-18-9;EAUX - 9;G
M2-AA-18-8;EAUX - 8;G
M2-AA-18-7;EAUX - 7;G
M2-AA-18-6;EAUX - 6;G
M2-AA-18-5;EAUX - 5;G
M2-AA-18-4;EAUX - 4;G
M2-AA-18-3;EAUX - 3;G
M2-AA-18-2;EAUX - 2;G
M2-AA-18-1;EAUX - 1;G
011010300000000000;EAUX;G
M2-AA-17-12;SIROP/JUS D'ORANGE12;G
M2-AA-17-11;SIROP/JUS D'ORANGE11;G
M2-AA-17-10;SIROP/JUS D'ORANGE10;G
M2-AA-17-9;SIROP/JUS D'ORANGE9;G
M2-AA-17-8;SIROP/JUS D'ORANGE8;G
M2-AA-17-7;SIROP/JUS D'ORANGE7;G
M2-AA-17-6;SIROP/JUS D'ORANGE6;G
M2-AA-17-5;SIROP/JUS D'ORANGE5;G
M2-AA-17-4;SIROP/JUS D'ORANGE4;G
M2-AA-17-3;SIROP/JUS D'ORANGE3;G
M2-AA-17-2;SIROP/JUS D'ORANGE2;G
M2-AA-17-1;SIROP/JUS D'ORANGE1;G
011010150000000000;JUS ET NECTARS;G
M2-AA-15-13;SOFT13;G
M2-AA-15-12;SOFT12;G
M2-AA-15-11;SOFT11;G
M2-AA-15-10;SOFT10;G
M2-AA-15-9;SOFT9;G
M2-AA-15-8;SOFT8;G
M2-AA-15-7;SOFT7;G
M2-AA-15-6;SOFT6;G
M2-AA-15-5;SOFT5;G
M2-AA-15-4;SOFT4;G
M2-AA-15-3;SOFT3;G
M2-AA-15-2;SOFT2;G
M2-AA-15-1;SOFT1;G
011010050000000000;BOISSONS SANS ALCOOL;G
M2-AA-16-1;TG ARR SOFT;G
M2-AA-11-1;BOISSON ENERGI/EAU ARO 1;G
M2-AA-11-2;BOISSON ENERGI/EAU ARO 2;G
M2-AA-11-3;BOISSON ENERGI/EAU ARO 3;G
M2-AA-11-4;BOISSON ENERGI/EAU ARO 4;G
M2-AA-11-5;BOISSON ENERGI/EAU ARO 5;G
M2-AA-11-6;BOISSON ENERGI/EAU ARO 6;G
M2-AA-11-7;BOISSON ENERGI/EAU ARO 7;G
011010100000000000;SIROPS;G
011010250000000000;CIDRES;G
M2-AA-12-1;TG ARR ALC;G
M2-AA-14-13;BIERE13;G
M2-AA-14-12;BIERE12;G
M2-AA-14-11;BIERE11;G
M2-AA-14-10;BIERE10;G
M2-AA-14-9;BIERE9;G
M2-AA-14-8;BIERE8;G
M2-AA-14-7;BIERE7;G
M2-AA-14-6;BIERE6;G
M2-AA-14-5;BIERE5;G
M2-AA-14-4;BIERE4;G
M2-AA-14-3;BIERE3;G
M2-AA-14-2;BIERE2;G
M2-AA-14-1;BIERE1;G
011010200000000000;BIERES PANACHES;G
M2-AA-13-13;ALCOOL13;G
M2-AA-13-12;ALCOOL12;G
M2-AA-13-11;ALCOOL11;G
M2-AA-13-10;ALCOOL10;G
M2-AA-13-9;ALCOOL9;G
M2-AA-13-8;ALCOOL8;G
M2-AA-13-7;ALCOOL7;G
M2-AA-13-6;ALCOOL6;G
M2-AA-13-5;ALCOOL5;G
M2-AA-13-4;ALCOOL4;G
M2-AA-13-3;ALCOOL3;G
M2-AA-13-2;ALCOOL2;G
M2-AA-13-1;ALCOOL1;G
011012000000000000;SPIRITUEUX;G
M2-AA-10-9;GATEAU APERO9;G
M2-AA-10-8;GATEAU APERO8;G
M2-AA-10-7;GATEAU APERO7;G
M2-AA-10-6;GATEAU APERO6;G
M2-AA-10-5;GATEAU APERO5;G
M2-AA-10-4;GATEAU APERO4;G
M2-AA-10-3;GATEAU APERO3;G
M2-AA-10-2;GATEAU APERO2;G
M2-AA-10-1;GATEAU APERO1;G
010502050000000000;PRODUITS SALES POUR APERITIFS;G
MOUSS-UX/CHAMPAGNE;;G
M2-AA-9-7;MOUSSEUX/CHAMPAGNE7;G
M2-AA-9-6;MOUSSEUX/CHAMPAGNE6;G
M2-AA-9-5;MOUSSEUX/CHAMPAGNE5;G
M2-AA-9-4;MOUSSEUX/CHAMPAGNE4;G
M2-AA-9-3;MOUSSEUX/CHAMPAGNE3;G
M2-AA-9-2;MOUSSEUX/CHAMPAGNE2;G
M2-AA-9-1;MOUSSEUX/CHAMPAGNE1;G
011011150000000000;CHAMPAGNES MOUSSEUX;G
M2-AA-1-14;VIN ROUGE 14;G
M2-AA-1-13;VIN ROUGE 13;G
M2-AA-1-12;VIN ROUGE 12;G
M2-AA-1-11;VIN ROUGE 11;G
M2-AA-1-10;VIN ROUGE 10;G
M2-AA-1-9;VIN ROUGE 9;G
M2-AA-1-8;VIN ROUGE 8;G
M2-AA-1-7;VIN ROUGE 7;G
M2-AA-1-6;VIN ROUGE 6;G
M2-AA-1-5;VIN ROUGE 5;G
M2-AA-1-4;VIN ROUGE 4;G
M2-AA-1-3;VIN ROUGE 3;G
M2-AA-1-2;VIN ROUGE 2;G
M2-AA-1-1;VIN ROUGE 1;G
011011100000000000;VINS AOC;G
011011050000000000;VINS COURANTS;G
M2-AA-2-5;VIN ROUGE PETIT FORMAT5;G
M2-AA-2-4;VIN ROUGE PETIT FORMAT4;G
M2-AA-2-3;VIN ROUGE PETIT FORMAT3;G
M2-AA-2-2;VIN ROUGE PETIT FORMAT2;G
M2-AA-2-1;VIN ROUGE PETIT FORMAT1;G
M2-AA-19-1;CAVE A BIERES 1;G
M2-AA-19-2;CAVE A BIERES 2;G
M2-AA-19-3;CAVE A BIERES 3;G
M2-AA-19-4;CAVE A BIERES 4;G
M2-AA-3-5;CUBI RGE/BLC5;G
M2-AA-3-4;CUBI RGE/BLC4;G
M2-AA-3-3;CUBI RGE/BLC3;G
M2-AA-3-2;CUBI RGE/BLC2;G
M2-AA-3-1;CUBI RGE/BLC1;G
M2-AA-4-4;CUBI ROSE4;G
M2-AA-4-3;CUBI ROSE3;G
M2-AA-4-2;CUBI ROSE2;G
M2-AA-4-1;CUBI ROSE1;G
M2-AA-5-4;VIN ROSE4;G
M2-AA-5-3;VIN ROSE3;G
M2-AA-5-2;VIN ROSE2;G
M2-AA-5-1;VIN ROSE1;G
M2-AA-6-5;VIN ROSE 5;G
M2-AA-6-4;VIN ROSE 4;G
M2-AA-6-3;VIN ROSE 3;G
M2-AA-6-2;VIN ROSE 2;G
M2-AA-6-1;VIN ROSE 1;G
M2-AA-7-5;VIN BLANC5;G
M2-AA-7-4;VIN BLANC4;G
M2-AA-7-3;VIN BLANC3;G
M2-AA-7-2;VIN BLANC2;G
M2-AA-7-1;VIN BLANC1;G
M2-AA-8-4;VIN BLANC 4;G
M2-AA-8-3;VIN BLANC 3;G
M2-AA-8-2;VIN BLANC 2;G
M2-AA-8-1;VIN BLANC 1;G
M2-BB-1-1;CHIEN-CHAT/OISEAU1;H
M2-BB-2-1;CHIEN-CHAT1;H
M2-BB-1-2;CHIEN-CHAT/OISEAU2;H
M2-BB-2-2;CHIEN-CHAT2;H
M2-BB-1-3;CHIEN-CHAT/OISEAU3;H
M2-BB-2-3;CHIEN-CHAT3;H
M2-BB-1-4;CHIEN-CHAT/OISEAU4;H
M2-BB-2-4;CHIEN-CHAT4;H
M2-BB-1-5;CHIEN-CHAT/OISEAU5;H
M2-BB-2-5;CHIEN-CHAT5;H
M2-BB-1-6;CHIEN-CHAT/OISEAU6;H
M2-BB-2-6;CHIEN-CHAT6;H
M2-BB-1-7;CHIEN-CHAT/OISEAU7;H
M2-BB-2-7;CHIEN-CHAT7;H
M2-BB-1-8;CHIEN-CHAT/OISEAU8;H
M2-BB-2-8;CHIEN-CHAT8;H
M2-BB-1-9;CHIEN-CHAT/OISEAU9;H
M2-BB-2-9;CHIEN-CHAT9;H
M2-BB-1-10;CHIEN-CHAT/OISEAU10;H
M2-BB-2-10;CHIEN-CHAT10;H
M2-BB-1-11;CHIEN-CHAT/OISEAU11;H
M2-BB-2-11;CHIEN-CHAT11;H
M2-BB-1-12;CHIEN-CHAT/OISEAU12;H
M2-BB-2-12;CHIEN-CHAT12;H
M2-BB-1-13;CHIEN-CHAT/OISEAU13;H
M2-BB-2-13;CHIEN-CHAT13;H
010508000000000000;ALIMENTS ANIMAUX;H
M2-BB-4-1;PAPIER TOILETTE/SACS POUBELLE - 1;H
M2-BB-4-2;PAPIER TOILETTE/SACS POUBELLE - 2;H
M2-BB-4-3;PAPIER TOILETTE/SACS POUBELLE - 3;H
M2-BB-4-4;PAPIER TOILETTE/SACS POUBELLE - 4;H
M2-BB-4-5;PAPIER TOILETTE/SACS POUBELLE - 5;H
M2-BB-4-6;PAPIER TOILETTE/SACS POUBELLE - 6;H
M2-BB-4-7;PAPIER TOILETTE/SACS POUBELLE - 7;H
M2-BB-4-8;PAPIER TOILETTE/SACS POUBELLE - 8;H
M2-BB-4-9;PAPIER TOILETTE/SACS POUBELLE - 9;H
M2-BB-4-10;PAPIER TOILETTE/SACS POUBELLE - 10;H
M2-BB-4-11;PAPIER TOILETTE/SACS POUBELLE - 11;H
M2-BB-4-12;PAPIER TOILETTE/SACS POUBELLE - 12;H
M2-BB-4-13;PAPIER TOILETTE/SACS POUBELLE - 13;H
011513050000000000;ENTRETIEN DU LINGE;H
M2-BB-5-1;LIQUIDES VAISSELLE - 1;H
M2-BB-5-2;LIQUIDES VAISSELLE - 2;H
M2-BB-5-3;LIQUIDES VAISSELLE - 3;H
M2-BB-5-4;LIQUIDES VAISSELLE - 4;H
M2-BB-5-5;LIQUIDES VAISSELLE - 5;H
M2-BB-5-6;LIQUIDES VAISSELLE - 6;H
M2-BB-5-7;LIQUIDES VAISSELLE - 7;H
M2-BB-5-8;LIQUIDES VAISSELLE - 8;H
M2-BB-5-9;LIQUIDES VAISSELLE - 9;H
M2-BB-5-10;LIQUIDES VAISSELLE - 10;H
M2-BB-5-11;LIQUIDES VAISSELLE - 11;H
M2-BB-5-12;LIQUIDES VAISSELLE - 12;H
M2-BB-5-13;LIQUIDES VAISSELLE - 13;H
011514052500000000;ESSUIE TOUT;H
012016300000000000;PAPIER TOILETTE;H
M2-BB-6-1;BALAI/JAVEL/MOUSTIQUES - 1;H
M2-BB-6-2;BALAI/JAVEL/MOUSTIQUES - 2;H
M2-BB-6-3;BALAI/JAVEL/MOUSTIQUES - 3;H
M2-BB-6-4;BALAI/JAVEL/MOUSTIQUES - 4;H
M2-BB-6-5;BALAI/JAVEL/MOUSTIQUES - 5;H
M2-BB-6-6;BALAI/JAVEL/MOUSTIQUES - 6;H
M2-BB-6-7;BALAI/JAVEL/MOUSTIQUES - 7;H
M2-BB-6-8;BALAI/JAVEL/MOUSTIQUES - 8;H
M2-BB-6-9;BALAI/JAVEL/MOUSTIQUES - 9;H
M2-BB-6-10;BALAI/JAVEL/MOUSTIQUES - 10;H
M2-BB-6-11;BALAI/JAVEL/MOUSTIQUES - 11;H
M2-BB-6-12;BALAI/JAVEL/MOUSTIQUES - 12;H
011513100000000000;PRODUITS VAISSELLE;H
011514050500000000;EPONGES;H
011514051500000000;GANTS;H
M2-BB-7-1;TG INTÉRIEURE - 1;H
M2-BB-7-2;TG INTÉRIEURE - 2;H
M2-BB-7-3;TG INTÉRIEURE - 3;H
M2-BB-7-4;rm all af;H
M2-BB-7-5;BALAI/JAVEL/MOUSTIQUE5;H
M2-BB-7-6;BALAI/JAVEL/MOUSTIQUE6;H
M2-BB-7-7;BALAI/JAVEL/MOUSTIQUE7;H
M2-BB-7-8;BALAI/JAVEL/MOUSTIQUE8;H
M2-BB-7-9;BALAI/JAVEL/MOUSTIQUE9;H
M2-BB-7-10;BALAI/JAVEL/MOUSTIQUE10;H
M2-BB-7-11;BALAI/JAVEL/MOUSTIQUE11;H
M2-BB-7-12;BALAI/JAVEL/MOUSTIQUE12;H
M2-BB-7-13;BALAI/JAVEL/MOUSTIQUE13;H
011513150000000000;ENTRETIEN DE LA MAISON;H
011514051000000000;SERPILLERES;H
011514200000000000;ALLUME FEUX;H
011514250000000000;INSECTICIDES;H
011514100000000000;EMBALLAGE MENAGER;H
M1-PP-2-1;MURAL ALLEE CENTRALE 2;H
M1-PP-2-2;SOL ALLEE CENTRALE 2;H
M1-PP-2-3;FRAIS SOL ALLEE CENTRALE 2;H
M2-CC-1-1;SDB/SECHOIR/BOITE1;H
M2-CC-1-2;SDB/SECHOIR/BOITE2;H
M2-CC-1-3;SDB/SECHOIR/BOITE3;H
M2-CC-1-4;SDB/SECHOIR/BOITE4;H
M2-CC-1-5;SDB/SECHOIR/BOITE5;H
M2-CC-1-6;SDB/SECHOIR/BOITE6;H
M2-CC-1-7;SDB/SECHOIR/BOITE7;H
M2-CC-1-8;SDB/SECHOIR/BOITE8;H
M2-CC-1-9;SDB/SECHOIR/BOITE9;H
M2-CC-1-10;SDB/SECHOIR/BOITE10;H
M2-CC-1-11;SDB/SECHOIR/BOITE11;H
M2-CC-2-1;VAISSELLE/COUVERT1;H
M2-CC-2-2;VAISSELLE/COUVERT2;H
M2-CC-2-3;VAISSELLE/COUVERT3;H
M2-CC-2-4;VAISSELLE/COUVERT4;H
M2-CC-2-5;VAISSELLE/COUVERT5;H
M2-CC-2-6;VAISSELLE/COUVERT6;H
M2-CC-2-7;VAISSELLE/COUVERT7;H
M2-CC-2-8;VAISSELLE/COUVERT8;H
M2-CC-2-9;VAISSELLE/COUVERT9;H
M2-CC-2-10;VAISSELLE/COUVERT10;H
M2-CC-2-11;VAISSELLE/COUVERT11;H
M2-CC-2-12;VAISSELLE/COUVERT12;H
M2-CC-2-13;VAISSELLE/COUVERT13;H
M2-CC-3-1;TOILE CIREE / VAISSELLE JETABLE1;H
M2-CC-3-2;TOILE CIREE / VAISSELLE JETABLE2;H
M2-CC-3-3;TOILE CIREE / VAISSELLE JETABLE3;H
M2-CC-3-4;TOILE CIREE / VAISSELLE JETABLE4;H
M2-CC-3-5;TOILE CIREE / VAISSELLE JETABLE5;H
M2-CC-3-6;TOILE CIREE / VAISSELLE JETABLE6;H
M2-CC-3-7;TOILE CIREE / VAISSELLE JETABLE7;H
M2-CC-3-8;TOILE CIREE / VAISSELLE JETABLE8;H
M2-CC-3-9;TOILE CIREE / VAISSELLE JETABLE9;H
M2-CC-3-10;TOILE CIREE / VAISSELLE JETABLE10;H
M2-CC-4-1;SODASTREAM/PETIT ELECTRO1;H
M2-CC-4-2;SODASTREAM/PETIT ELECTRO2;H
M2-CC-4-3;SODASTREAM/PETIT ELECTRO3;H
M2-CC-4-4;SODASTREAM/PETIT ELECTRO4;H
M2-CC-4-5;SODASTREAM/PETIT ELECTRO5;H
M2-CC-4-6;SODASTREAM/PETIT ELECTRO6;H
M2-CC-4-7;SODASTREAM/PETIT ELECTRO7;H
M2-CC-4-8;SODASTREAM/PETIT ELECTRO8;H
M2-CC-4-9;SODASTREAM/PETIT ELECTRO9;H
M2-CC-4-10;SODASTREAM/PETIT ELECTRO10;H
M2-CC-5-1;BOCAUX/CUISSON/USTENSILE1;H
M2-CC-5-2;BOCAUX/CUISSON/USTENSILE2;H
M2-CC-5-3;BOCAUX/CUISSON/USTENSILE3;H
M2-CC-5-4;BOCAUX/CUISSON/USTENSILE4;H
M2-CC-5-5;BOCAUX/CUISSON/USTENSILE5;H
M2-CC-5-6;BOCAUX/CUISSON/USTENSILE6;H
M2-CC-5-7;BOCAUX/CUISSON/USTENSILE7;H
M2-CC-5-8;BOCAUX/CUISSON/USTENSILE8;H
M2-CC-5-9;BOCAUX/CUISSON/USTENSILE9;H
M2-CC-5-10;BOCAUX/CUISSON/USTENSILE10;H
M2-CC-5-11;BOCAUX/CUISSON/USTENSILE11;H
M2-CC-5-12;BOCAUX/CUISSON/USTENSILE12;H
M2-CC-5-13;BOCAUX/CUISSON/USTENSILE13;H
M2-CC-6-1;PILE/OUTIL/ACIDE1;H
M2-CC-6-2;PILE/OUTIL/ACIDE2;H
M2-CC-6-3;PILE/OUTIL/ACIDE3;H
M2-CC-6-4;PILE/OUTIL/ACIDE4;H
M2-CC-6-5;PILE/OUTIL/ACIDE5;H
M2-CC-6-6;PILE/OUTIL/ACIDE6;H
M2-CC-6-7;PILE/OUTIL/ACIDE7;H
M2-CC-6-8;PILE/OUTIL/ACIDE8;H
M2-CC-6-9;PILE/OUTIL/ACIDE9;H
M2-CC-6-10;PILE/OUTIL/ACIDE10;H
M2-CC-6-11;PILE/OUTIL/ACIDE11;H
M2-CC-6-12;PILE/OUTIL/ACIDE12;H
M2-CC-6-13;PILE/OUTIL/ACIDE13;H
M2-CC-7-1;VOITURE/CHARBON1;H
M2-CC-7-2;VOITURE/CHARBON2;H
M2-CC-7-3;VOITURE/CHARBON3;H
M2-CC-7-4;VOITURE/CHARBON4;H
M2-CC-7-5;VOITURE/CHARBON5;H
M2-CC-7-6;VOITURE/CHARBON6;H
M2-CC-7-7;VOITURE/CHARBON7;H
M2-CC-7-8;VOITURE/CHARBON8;H
M2-CC-7-9;VOITURE/CHARBON9;H
M2-CC-7-10;VOITURE/CHARBON10;H
M2-CC-7-11;VOITURE/CHARBON11;H
M2-CC-7-12;VOITURE/CHARBON12;H
030500000000000000;EQUIPEMENT DE LA MAISON;H
032000000000000000;BRICOLAGE JARDINAGE AUTO;H
M2-CC-8-1;BAZAR SAISON 11;H
M2-CC-8-2;BAZAR SAISON 12;H
M2-CC-8-3;BAZAR SAISON 13;H
M2-CC-8-4;BAZAR SAISON 14;H
M2-CC-8-5;BAZAR SAISON 15;H
M2-CC-8-6;BAZAR SAISON 16;H
M2-CC-8-7;BAZAR SAISON 17;H
M2-CC-8-8;BAZAR SAISON 18;H
M2-CC-8-9;BAZAR SAISON 19;H
M2-CC-8-10;BAZAR SAISON 110;H
M2-CC-8-11;BAZAR SAISON 111;H
M2-CC-8-12;BAZAR SAISON 112;H
M2-CC-9-1;BAZAR SAISON 21;H
M2-CC-9-2;BAZAR SAISON 22;H
M2-CC-9-3;BAZAR SAISON 23;H
M2-CC-9-4;BAZAR SAISON 24;H
M2-CC-9-5;BAZAR SAISON 25;H
M2-CC-9-6;BAZAR SAISON 26;H
M2-CC-9-7;BAZAR SAISON 27;H
M2-CC-10-1;BAZAR SAISON 31;H
M2-CC-10-2;BAZAR SAISON 32;H
M2-CC-10-3;BAZAR SAISON 33;H
M2-CC-10-4;BAZAR SAISON 34;H
M2-CC-10-5;BAZAR SAISON 35;H
M2-CC-10-6;BAZAR SAISON 36;H
M2-CC-10-7;BAZAR SAISON 37;H
M2-CC-11-1;BAZAR SAISON 41;H
M2-CC-11-2;BAZAR SAISON 42;H
M2-CC-11-3;BAZAR SAISON 43;H
M2-CC-11-4;BAZAR SAISON 44;H
M2-CC-11-5;BAZAR SAISON 45;H
M2-CC-11-6;BAZAR SAISON 46;H
M2-CC-11-7;BAZAR SAISON 47;H
M2-CC-12-1;BAZAR SAISON 51;H
M2-CC-12-2;BAZAR SAISON 52;H
M2-CC-12-3;BAZAR SAISON 53;H
M2-CC-12-4;BAZAR SAISON 54;H
M2-CC-12-5;BAZAR SAISON 55;H
M2-CC-12-6;BAZAR SAISON 56;H
M2-CC-12-7;BAZAR SAISON 57;H
M2-CC-13-1;BAZAR SAISON 61;H
M2-CC-13-2;BAZAR SAISON 62;H
M2-CC-13-3;BAZAR SAISON 63;H
M2-CC-13-4;BAZAR SAISON 64;H
M2-CC-13-5;BAZAR SAISON 65;H
M2-CC-13-6;BAZAR SAISON 66;H
M2-CC-13-7;BAZAR SAISON 67;H
M2-CC-13-8;BAZAR SAISON 68;H
M2-CC-13-9;BAZAR SAISON 69;H
M2-CC-13-10;BAZAR SAISON 610;H
M2-CC-13-11;BAZAR SAISON 611;H
M2-CC-13-12;BAZAR SAISON 612;H
M2-CC-13-13;BAZAR SAISON 613;H
M2-CC-14-1;JOUET1;H
M2-CC-14-2;JOUET2;H
M2-CC-14-3;JOUET3;H
M2-CC-14-4;JOUET4;H
M2-CC-14-5;JOUET5;H
M2-CC-14-6;JOUET6;H
M2-CC-14-7;JOUET7;H
M2-CC-14-8;JOUET8;H
M2-CC-14-9;JOUET9;H
M2-CC-14-10;JOUET10;H
M2-CC-14-11;JOUET11;H
M2-CC-14-12;JOUET12;H
M2-CC-14-13;JOUET13;H
M2-CC-15-1;PAPETTERIE1;H
M2-CC-15-2;PAPETTERIE2;H
M2-CC-15-3;PAPETTERIE3;H
M2-CC-15-4;PAPETTERIE4;H
M2-CC-15-5;PAPETTERIE5;H
M2-CC-15-6;PAPETTERIE6;H
M2-CC-15-7;PAPETTERIE7;H
M2-CC-15-8;PAPETTERIE8;H
M2-CC-15-9;PAPETTERIE9;H
M2-CC-15-10;PAPETTERIE10;H
M2-CC-15-11;PAPETTERIE11;H
M2-CC-15-12;PAPETTERIE12;H
M2-CC-15-13;PAPETTERIE13;H
M2-CC-22-1;VELO/PECHE/SPORT1;H
M2-CC-22-2;VELO/PECHE/SPORT2;H
M2-CC-22-3;VELO/PECHE/SPORT3;H
M2-CC-22-4;VELO/PECHE/SPORT4;H
M2-CC-22-5;VELO/PECHE/SPORT5;H
M2-CC-22-6;VELO/PECHE/SPORT6;H
M2-CC-22-7;VELO/PECHE/SPORT7;H
M2-CC-22-8;VELO/PECHE/SPORT8;H
M2-CC-22-9;VELO/PECHE/SPORT9;H
M2-CC-22-10;VELO/PECHE/SPORT10;H
M2-CC-22-11;VELO/PECHE/SPORT11;H
M2-CC-22-12;VELO/PECHE/SPORT12;H
M2-CC-22-13;VELO/PECHE/SPORT13;H
031500000000000000;LOISIRS;H
M2-CC-16-1;ELECTROMENAGER1;H
M2-CC-16-2;ELECTROMENAGER2;H
M2-CC-16-3;ELECTROMENAGER3;H
M2-CC-16-4;ELECTROMENAGER4;H
M2-CC-16-5;ELECTROMENAGER5;H
M2-CC-16-6;ELECTROMENAGER6;H
M2-CC-16-7;ELECTROMENAGER7;H
M2-CC-16-8;ELECTROMENAGER8;H
M2-CC-16-9;ELECTROMENAGER9;H
M2-CC-16-10;ELECTROMENAGER10;H
M2-CC-16-11;ELECTROMENAGER11;H
M2-CC-16-12;ELECTROMENAGER12;H
M2-CC-16-13;ELECTROMENAGER13;H
M2-CC-17-1;GROS ELETROMENAGER1;H
M2-CC-17-2;GROS ELETROMENAGER2;H
M2-CC-17-3;GROS ELETROMENAGER3;H
M2-CC-17-4;GROS ELETROMENAGER4;H
M2-CC-17-5;GROS ELETROMENAGER5;H
M2-CC-17-6;GROS ELETROMENAGER6;H
M2-CC-17-7;GROS ELETROMENAGER7;H
M2-CC-17-8;GROS ELETROMENAGER8;H
M2-CC-17-9;GROS ELETROMENAGER9;H
M2-CC-17-10;GROS ELETROMENAGER10;H
M2-CC-18-1;TV/SON1;H
M2-CC-18-2;TV/SON2;H
M2-CC-18-3;TV/SON3;H
M2-CC-18-4;TV/SON4;H
M2-CC-18-5;TV/SON5;H
M2-CC-18-6;TV/SON6;H
M2-CC-18-7;TV/SON7;H
M2-CC-18-8;TV/SON8;H
M2-CC-18-9;TV/SON9;H
M2-CC-18-10;TV/SON10;H
M2-CC-19-1;INOFRMATIQUE/CARTOUCHE ENCRE1;H
M2-CC-19-2;INOFRMATIQUE/CARTOUCHE ENCRE2;H
M2-CC-19-3;INOFRMATIQUE/CARTOUCHE ENCRE3;H
M2-CC-19-4;INOFRMATIQUE/CARTOUCHE ENCRE4;H
M2-CC-19-5;INOFRMATIQUE/CARTOUCHE ENCRE5;H
M2-CC-19-6;INOFRMATIQUE/CARTOUCHE ENCRE6;H
M2-CC-19-7;INOFRMATIQUE/CARTOUCHE ENCRE7;H
M2-CC-19-8;INOFRMATIQUE/CARTOUCHE ENCRE8;H
M2-CC-19-9;INOFRMATIQUE/CARTOUCHE ENCRE9;H
M2-CC-19-10;INOFRMATIQUE/CARTOUCHE ENCRE10;H
M2-CC-19-11;INOFRMATIQUE/CARTOUCHE ENCRE11;H
M2-CC-20-1;BERGERIE;H
032500000000000000;BAZAR A SERVICE;H
M2-CC-21-1;CULTURE;H
031000000000000000;CULTURE;H
033000000000000000;PRESSE;H
M1-PP-1-1;MURAL ALLEE CENTRALE 1;I
M1-PP-1-2;SOL ALLEE CENTRALE 1;I
M1-PP-1-3;FRAIS SOL ALLEE CENTRALE 1;I
M2-GG-2-1;MOUCHOIRS/BEAUTE HOMME - 1;J
M2-GG-1-1;COTON/DENTAIRE1;J
M2-GG-2-2;MOUCHOIRS/BEAUTE HOMME - 2;J
M2-GG-1-2;COTON/DENTAIRE2;J
M2-GG-2-3;MOUCHOIRS/BEAUTE HOMME - 3;J
M2-GG-1-3;COTON/DENTAIRE3;J
M2-GG-2-4;MOUCHOIRS/BEAUTE HOMME - 4;J
M2-GG-1-4;COTON/DENTAIRE4;J
M2-GG-2-5;MOUCHOIRS/BEAUTE HOMME - 5;J
M2-GG-1-5;COTON/DENTAIRE5;J
M2-GG-2-6;MOUCHOIRS/BEAUTE HOMME - 6;J
M2-GG-1-6;COTON/DENTAIRE6;J
M2-GG-2-7;MOUCHOIRS/BEAUTE HOMME - 7;J
M2-GG-1-7;COTON/DENTAIRE7;J
M2-GG-2-8;MOUCHOIRS/BEAUTE HOMME - 8;J
M2-GG-1-8;COTON/DENTAIRE8;J
M2-GG-2-9;MOUCHOIRS/BEAUTE HOMME - 9;J
M2-GG-1-9;COTON/DENTAIRE9;J
M2-GG-2-10;MOUCHOIRS/BEAUTE HOMME - 10;J
M2-GG-1-10;COTON/DENTAIRE10;J
012015100000000000;HYGIENE BUCCO DENTAIRE;J
012016250000000000;COTON;J
012510000000000000;SOIN PARA;J
012515000000000000;SANTE PARA;J
012520000000000000;HYGIENE PARA;J
012525000000000000;NATURALITE PARA;J
012535000000000000;HOMME PARA;J
012015150000000000;RASAGE;J
012016200000000000;MOUCHOIRS;J
M2-GG-3-9;GEL DOUCHE/SHAMPOOING - 9;J
M2-GG-4-9;SAVON/GEL/COLORATION 9;J
M2-GG-3-8;GEL DOUCHE/SHAMPOOING - 8;J
M2-GG-4-8;SAVON/GEL/COLORATION 8;J
M2-GG-3-7;GEL DOUCHE/SHAMPOOING - 7;J
M2-GG-4-7;SAVON/GEL/COLORATION 7;J
M2-GG-3-6;GEL DOUCHE/SHAMPOOING - 6;J
M2-GG-4-6;SAVON/GEL/COLORATION 6;J
M2-GG-3-5;GEL DOUCHE/SHAMPOOING - 5;J
M2-GG-4-5;SAVON/GEL/COLORATION 5;J
M2-GG-3-4;GEL DOUCHE/SHAMPOOING - 4;J
M2-GG-4-4;SAVON/GEL/COLORATION 4;J
M2-GG-3-3;GEL DOUCHE/SHAMPOOING - 3;J
M2-GG-4-3;SAVON/GEL/COLORATION 3;J
M2-GG-3-2;GEL DOUCHE/SHAMPOOING - 2;J
M2-GG-4-2;SAVON/GEL/COLORATION 2;J
M2-GG-3-1;GEL DOUCHE/SHAMPOOING - 1;J
M2-GG-4-1;SAVON/GEL/COLORATION 1;J
012015250000000000;HYGIENE CORPORELLE;J
012015050000000000;CAPILLAIRES;J
M2-GG-7-1;TG INTÉRIEURE - 1;J
M2-GG-7-2;TG INTÉRIEURE - 2;J
M2-GG-6-1;SOIN PEAU/MAQUILLAGE - 1;J
M2-GG-5-1;HYGIENE/DEO FEMME1;J
M2-GG-6-2;SOIN PEAU/MAQUILLAGE - 2;J
M2-GG-5-2;HYGIENE/DEO FEMME2;J
M2-GG-6-3;SOIN PEAU/MAQUILLAGE - 3;J
M2-GG-5-3;HYGIENE/DEO FEMME3;J
M2-GG-6-4;SOIN PEAU/MAQUILLAGE - 4;J
M2-GG-5-4;HYGIENE/DEO FEMME4;J
M2-GG-6-5;SOIN PEAU/MAQUILLAGE - 5;J
M2-GG-5-5;HYGIENE/DEO FEMME5;J
M2-GG-6-6;SOIN PEAU/MAQUILLAGE - 6;J
M2-GG-5-6;HYGIENE/DEO FEMME6;J
M2-GG-6-7;SOIN PEAU/MAQUILLAGE - 7;J
M2-GG-5-7;HYGIENE/DEO FEMME7;J
M2-GG-6-8;SOIN PEAU/MAQUILLAGE - 8;J
M2-GG-5-8;HYGIENE/DEO FEMME8;J
M2-GG-6-9;SOIN PEAU/MAQUILLAGE - 9;J
M2-GG-5-9;HYGIENE/DEO FEMME9;J
M2-GG-6-10;SOIN PEAU/MAQUILLAGE - 10;J
012015200000000000;PARFUMANTS;J
012016050000000000;HYGIENE FEMININE;J
012016150000000000;INCONTINENCE;J
012015300000000000;BEAUTE;J
M2-GG-10-1;(rm);J
M2-GG-7-3;(rm all af);J
M2-GG-7-4;MAQUILLAGE4;J
012015550000000000;AROMACOLOGIE;J
012015400000000000;ACCESSOIRES;J
012015450000000000;SOLAIRE;J
012015350000000000;MAQUILLAGE;J
012017000000000000;PETITE PARAPHARMACIE;J
M2-EE-1-1;TEXTILE H/CHAUSSETTE1;K
M2-EE-1-2;TEXTILE H/CHAUSSETTE2;K
M2-EE-1-3;TEXTILE H/CHAUSSETTE3;K
M2-EE-1-4;TEXTILE H/CHAUSSETTE4;K
M2-EE-1-5;TEXTILE H/CHAUSSETTE5;K
M2-EE-1-6;TEXTILE H/CHAUSSETTE6;K
M2-EE-1-7;TEXTILE H/CHAUSSETTE7;K
M2-EE-1-8;TEXTILE H/CHAUSSETTE8;K
M2-EE-1-9;TEXTILE H/CHAUSSETTE9;K
M2-EE-1-10;TEXTILE H/CHAUSSETTE10;K
M2-EE-1-11;TEXTILE H/CHAUSSETTE11;K
M2-EE-2-1;TEXTILE H1;K
M2-EE-2-2;TEXTILE H2;K
M2-EE-2-3;TEXTILE H3;K
M2-EE-2-4;TEXTILE H4;K
M2-EE-2-5;TEXTILE H5;K
M2-EE-3-1;TEXTILE F1;K
M2-EE-3-2;TEXTILE F2;K
M2-EE-3-3;TEXTILE F3;K
M2-EE-3-4;TEXTILE F4;K
M2-EE-3-5;TEXTILE F5;K
M2-EE-4-1;TEXTILE FEMME1;K
M2-EE-4-2;TEXTILE FEMME2;K
M2-EE-4-3;TEXTILE FEMME3;K
M2-EE-4-4;TEXTILE FEMME4;K
M2-EE-4-5;TEXTILE FEMME5;K
M2-EE-4-6;TEXTILE FEMME6;K
M2-EE-4-7;TEXTILE FEMME7;K
M2-EE-5-1;COLLANT1;K
M2-EE-5-2;COLLANT2;K
M2-EE-5-3;COLLANT3;K
M2-EE-5-4;COLLANT4;K
M2-EE-5-5;COLLANT5;K
M2-EE-5-6;COLLANT6;K
M2-EE-5-7;COLLANT7;K
M2-EE-6-1;TEXTILE FEMME/ SOUS VETEMENT1;K
M2-EE-6-2;TEXTILE FEMME/ SOUS VETEMENT2;K
M2-EE-6-3;TEXTILE FEMME/ SOUS VETEMENT3;K
M2-EE-6-4;TEXTILE FEMME/ SOUS VETEMENT4;K
M2-EE-6-5;TEXTILE FEMME/ SOUS VETEMENT5;K
M2-EE-6-6;TEXTILE FEMME/ SOUS VETEMENT6;K
M2-EE-6-7;TEXTILE FEMME/ SOUS VETEMENT7;K
M2-EE-6-8;TEXTILE FEMME/ SOUS VETEMENT8;K
M2-EE-6-9;TEXTILE FEMME/ SOUS VETEMENT9;K
M2-EE-6-10;TEXTILE FEMME/ SOUS VETEMENT10;K
M2-EE-6-11;TEXTILE FEMME/ SOUS VETEMENT11;K
M2-EE-7-1;CHAUSSURE1;K
M2-EE-7-2;CHAUSSURE2;K
M2-EE-7-3;CHAUSSURE3;K
M2-EE-7-4;CHAUSSURE4;K
M2-EE-7-5;CHAUSSURE5;K
M2-EE-7-6;CHAUSSURE6;K
M2-EE-7-7;CHAUSSURE7;K
M2-EE-7-8;CHAUSSURE8;K
M2-EE-7-9;CHAUSSURE9;K
M2-EE-7-10;CHAUSSURE10;K
M2-EE-7-11;CHAUSSURE11;K
M2-EE-8-1;LINGE MAISON1;K
M2-EE-8-2;LINGE MAISON2;K
M2-EE-8-3;LINGE MAISON3;K
M2-EE-8-4;LINGE MAISON4;K
M2-EE-8-5;LINGE MAISON5;K
M2-EE-8-6;LINGE MAISON6;K
M2-EE-8-7;LINGE MAISON7;K
M2-EE-8-8;LINGE MAISON8;K
M2-EE-8-9;LINGE MAISON9;K
M2-EE-8-10;LINGE MAISON10;K
M2-EE-8-11;LINGE MAISON11;K
040000000000000000;TEXTILE/CHAUSSURE;K
M2-HH-9-1;TG INTÉRIEURE - 1;L
M2-HH-2-1;MIEL/BONBON/TABLETTE1;L
M2-HH-1-1;H1 - NUTELLA - 1;L
M2-HH-2-2;MIEL/BONBON/TABLETTE2;L
M2-HH-1-2;H1 - NUTELLA - 2;L
M2-HH-2-3;MIEL/BONBON/TABLETTE3;L
M2-HH-1-3;COMPOTE/NUTELLA3;L
M2-HH-2-4;MIEL/BONBON/TABLETTE4;L
M2-HH-1-4;COMPOTE/NUTELLA4;L
M2-HH-2-5;MIEL/BONBON/TABLETTE5;L
M2-HH-1-5;COMPOTE/NUTELLA5;L
M2-HH-2-6;MIEL/BONBON/TABLETTE6;L
M2-HH-1-6;COMPOTE/NUTELLA6;L
M2-HH-2-7;MIEL/BONBON/TABLETTE7;L
M2-HH-1-7;COMPOTE/NUTELLA7;L
M2-HH-2-8;MIEL/BONBON/TABLETTE8;L
M2-HH-1-8;COMPOTE/NUTELLA8;L
M2-HH-2-9;MIEL/BONBON/TABLETTE9;L
M2-HH-1-9;COMPOTE/NUTELLA9;L
M2-HH-2-10;MIEL/BONBON/TABLETTE10;L
M2-HH-1-10;COMPOTE/NUTELLA10;L
010502200000000000;CHOCOLATS SNACKING;L
010506000000000000;DESSERTS;L
010502250000000000;CONFISERIE;L
010502150000000000;CHOCOLATS TABLETTES;L
M2-HH-10-1;TG EXTÉRIEURE - 1;L
M2-HH-10-2;TG EXTÉRIEURE - 2;L
M2-HH-3-10;CONFITURE/BISCOTTE10;L
M2-HH-4-10;GATEAU GOUTER10;L
M2-HH-3-9;CONFITURE/BISCOTTE9;L
M2-HH-4-9;GATEAU GOUTER9;L
M2-HH-3-8;CONFITURE/BISCOTTE8;L
M2-HH-4-8;GATEAU GOUTER8;L
M2-HH-3-7;CONFITURE/BISCOTTE7;L
M2-HH-4-7;GATEAU GOUTER7;L
M2-HH-3-6;CONFITURE/BISCOTTE6;L
M2-HH-4-6;GATEAU GOUTER6;L
M2-HH-3-5;CONFITURE/BISCOTTE5;L
M2-HH-4-5;GATEAU GOUTER5;L
M2-HH-3-4;CONFITURE/BISCOTTE4;L
M2-HH-4-4;GATEAU GOUTER4;L
M2-HH-3-3;CONFITURE/BISCOTTE3;L
M2-HH-4-3;GATEAU GOUTER3;L
M2-HH-3-2;CONFITURE/BISCOTTE2;L
M2-HH-4-2;GATEAU GOUTER2;L
M2-HH-3-1;CONFITURE/BISCOTTE1;L
M2-HH-4-1;GATEAU GOUTER1;L
010502400000000000;CHOCOLATS A OFFRIR;L
010501250000000000;CONFITURES/MIEL/P.A.TARTINER;L
010502100000000000;BISCUITS SUCRES;L
M2-HH-9-2;TG INTÉRIEURE - 2;J
M2-HH-9-3;TG INTÉRIEURE - 3;J
M2-GG-8-1;TG EXTÉRIEURE - 1;J
M2-GG-8-2;TG EXTÉRIEURE - 2;J
M2-GG-8-3;(rm all af);J
M2-GG-8-4;TG EXTÉRIEURE - 4;J
M2-GG-8-5;TG EXTÉRIEURE - 5;J
M2-GG-8-6;TG EXTÉRIEURE - 6;J
M2-GG-8-7;TG EXTÉRIEURE - 7;J
M2-GG-8-8;TG EXTÉRIEURE - 8;J
M2-GG-8-9;TG EXTÉRIEURE - 9;J
M2-GG-8-10;TG EXTÉRIEURE - 10;J
M2-GG-8-11;TG EXTÉRIEURE - 11;J
012016100000000000;HYGIENE BEBE;J
012530000000000000;BEBE PARA;J
M2-EE-9-1;ACCESSOIRE BEBE 1;J
M2-EE-9-2;ACCESSOIRE BEBE 2;J
M2-EE-9-3;ACCESSOIRE BEBE 3;J
M2-EE-9-4;ACCESSOIRE BEBE 4;J
M2-EE-9-5;ACCESSOIRE BEBE 5;J
M2-EE-9-6;ACCESSOIRE BEBE 6;J
M2-EE-9-7;ACCESSOIRE BEBE 7;J
M2-EE-9-8;ACCESSOIRE BEBE 8;J
M2-EE-9-9;ACCESSOIRE BEBE 9;J
M2-EE-9-10;ACCESSOIRE BEBE 10;J
012015500000000000;PRODUITS SOINS BEBE;J
M2-HH-6-1;CAFE 1;L
M2-HH-5-1;THE/CEREALE/CHOCOLAT EN POUDRE 1;L
M2-HH-6-2;CAFE 2;L
M2-HH-5-2;THE/CEREALE/CHOCOLAT EN POUDRE 2;L
M2-HH-6-3;CAFE 3;L
M2-HH-5-3;THE/CEREALE/CHOCOLAT EN POUDRE 3;L
M2-HH-6-4;CAFE 4;L
M2-HH-5-4;THE/CEREALE/CHOCOLAT EN POUDRE 4;L
M2-HH-6-5;CAFE 5;L
M2-HH-5-5;THE/CEREALE/CHOCOLAT EN POUDRE 5;L
M2-HH-6-6;CAFE 6;L
M2-HH-5-6;THE/CEREALE/CHOCOLAT EN POUDRE 6;L
M2-HH-6-7;CAFE 7;L
M2-HH-5-7;THE/CEREALE/CHOCOLAT EN POUDRE 7;L
M2-HH-6-8;CAFE 8;L
M2-HH-5-8;THE/CEREALE/CHOCOLAT EN POUDRE 8;L
M2-HH-6-9;CAFE 9;L
M2-HH-5-9;THE/CEREALE/CHOCOLAT EN POUDRE 9;L
M2-HH-6-10;CAFE 10;L
M2-HH-5-10;THE/CEREALE/CHOCOLAT EN POUDRE 10;L
010501150000000000;THES ET INFUSIONS;L
010501200000000000;CEREALES ET POUDRES CHOCOLAT;L
010501100000000000;CAFE TORREFIE/SOLUBLE;L
M2-HH-10-3;TG EXTÉRIEURE - 3;L
M2-HH-10-4;TG EXTÉRIEURE - 4;L
M2-HH-8-10;BIO 10;L
M2-HH-8-9;BIO 9;L
M2-HH-7-8;BIO 8;L
M2-HH-8-8;BIO 8;L
M2-HH-7-7;BIO 7;L
M2-HH-8-7;BIO 7;L
M2-HH-7-6;BIO 6;L
M2-HH-8-6;BIO 6;L
M2-HH-7-5;BIO 5;L
M2-HH-8-5;BIO 5;L
M2-HH-7-4;BIO 4;L
M2-HH-8-4;BIO 4;L
M2-HH-7-3;BIO 3;L
M2-HH-8-3;BIO 3;L
M2-HH-7-2;BIO 2;L
M2-HH-8-2;BIO 2;L
M2-HH-7-1;BIO 1;L
M2-HH-8-1;BIO 1;L
010507150000000000;DIETETIQUE;L
010501050000000000;PANIFICATION;L
010502102000000000;BISCUIT SUCRE BIO;L
010504103500000000;COUS PURÉE LEG SEC BIO;L
M2-HH-9-4;TG INTÉRIEURE - 4;L
M2-II-1-1;PRODUITS DU MONDE - 1;M
M2-II-1-2;PRODUITS DU MONDE - 2;M
M2-II-2-1;ALIMENTES BÉBÉ - 1;M
M2-II-1-3;PRODUITS DU MONDE - 3;M
M2-II-2-2;ALIMENTES BÉBÉ - 2;M
M2-II-1-4;PRODUITS DU MONDE - 4;M
M2-II-2-3;ALIMENTES BÉBÉ - 3;M
M2-II-1-5;PRODUITS DU MONDE - 5;M
M2-II-2-4;ALIMENTES BÉBÉ - 4;M
M2-II-1-6;PRODUITS DU MONDE - 6;M
M2-II-2-5;ALIMENTES BÉBÉ - 5;M
M2-II-1-7;PRODUITS DU MONDE - 7;M
M2-II-2-6;ALIMENTES BÉBÉ - 6;M
M2-II-1-8;PRODUITS DU MONDE - 8;M
M2-II-2-7;ALIMENTES BÉBÉ - 7;M
M2-II-1-9;PRODUITS DU MONDE - 9;M
M2-II-2-8;ALIMENTES BÉBÉ - 8;M
M2-II-1-10;PRODUITS DU MONDE - 10;M
M2-II-2-9;ALIMENTES BÉBÉ - 9;M
M2-II-1-11;PRODUITS DU MONDE - 11;M
M2-II-2-10;ALIMENTES BÉBÉ - 10;M
010507100000000000;PRODUITS ETRANGERS;M
010507050000000000;ALIMENTS POUR ENFANTS;M
M2-II-4-11;THON - PLATS PRÉPARÉS - 11;M
M2-II-3-11;CONSERVES - 11;M
M2-II-4-10;THON - PLATS PRÉPARÉS - 10;M
M2-II-3-10;CONSERVES - 10;M
M2-II-4-9;THON - PLATS PRÉPARÉS - 9;M
M2-II-3-9;CONSERVES - 9;M
M2-II-4-8;THON - PLATS PRÉPARÉS - 8;M
M2-II-3-8;CONSERVES - 8;M
M2-II-4-7;THON - PLATS PRÉPARÉS - 7;M
M2-II-3-7;CONSERVES - 7;M
M2-II-4-6;THON - PLATS PRÉPARÉS - 6;M
M2-II-3-6;CONSERVES - 6;M
M2-II-4-5;THON - PLATS PRÉPARÉS - 5;M
M2-II-3-5;CONSERVES - 5;M
M2-II-4-4;THON - PLATS PRÉPARÉS - 4;M
M2-II-3-4;CONSERVES - 4;M
M2-II-4-3;THON - PLATS PRÉPARÉS - 3;M
M2-II-3-3;CONSERVES - 3;M
M2-II-4-2;THON - PLATS PRÉPARÉS - 2;M
M2-II-3-2;CONSERVES - 2;M
M2-II-4-1;THON - PLATS PRÉPARÉS - 1;M
M2-II-3-1;CONSERVES - 1;M
010504350000000000;CONSERVES DE LEGUMES;M
010505050000000000;CONSERVES DE VIANDES;M
010505100000000000;CONSERVES DE POISSON;M
010505150000000000;PLATS CUISINES;M
M2-II-5-1;PURÉE/CHIPS/SOUPES - 1;M
M2-II-6-1;PÂTES/RIZ - 1;M
M2-II-5-2;PURÉE/CHIPS/SOUPES - 2;M
M2-II-6-2;PÂTES/RIZ - 2;M
M2-II-5-3;PURÉE/CHIPS/SOUPES - 3;M
M2-II-6-3;PÂTES/RIZ - 3;M
M2-II-5-4;PURÉE/CHIPS/SOUPES - 4;M
M2-II-6-4;PÂTES/RIZ - 4;M
M2-II-5-5;PURÉE/CHIPS/SOUPES - 5;M
M2-II-6-5;PÂTES/RIZ - 5;M
M2-II-5-6;PURÉE/CHIPS/SOUPES - 6;M
M2-II-6-6;PÂTES/RIZ - 6;M
M2-II-5-7;PURÉE/CHIPS/SOUPES - 7;M
M2-II-6-7;PÂTES/RIZ - 7;M
M2-II-5-8;PURÉE/CHIPS/SOUPES - 8;M
M2-II-6-8;PÂTES/RIZ - 8;M
M2-II-5-9;PURÉE/CHIPS/SOUPES - 9;M
M2-II-6-9;PÂTES/RIZ - 9;M
M2-II-5-10;PURÉE/CHIPS/SOUPES - 10;M
M2-II-6-10;PÂTES/RIZ - 10;M
M2-II-5-11;PURÉE/CHIPS/SOUPES - 11;M
M2-II-6-11;PÂTES/RIZ - 11;M
010505200000000000;POTAGES;M
010504300000000000;CHIPS;M
010504102000000000;PUREE;M
010504200000000000;PATES;M
010504150000000000;RIZ;M
010504100000000000;COUSCOUS PUREE LEG SECS BLE;M
M2-FF-1-1;CAISSE 1/2;M
010502300000000000;CONFISERIE CAISSE;M
M2-II-8-8;SAUCES CHAUDES/ÉPICES - 8;M
M2-II-7-11;CONDIMENTS/SEL - 11;M
M2-II-8-7;SAUCES CHAUDES/ÉPICES - 7;M
M2-II-7-10;CONDIMENTS/SEL - 10;M
M2-II-8-6;SAUCES CHAUDES/ÉPICES - 6;M
M2-II-7-9;CONDIMENTS/SEL - 9;M
M2-II-8-5;SAUCES CHAUDES/ÉPICES - 5;M
M2-II-7-8;CONDIMENTS/SEL - 8;M
M2-II-8-4;SAUCES CHAUDES/ÉPICES - 4;M
M2-II-7-7;CONDIMENTS/SEL - 7;M
M2-II-8-3;SAUCES CHAUDES/ÉPICES - 3;M
M2-II-7-6;CONDIMENTS/SEL - 6;M
M2-II-8-2;SAUCES CHAUDES/ÉPICES - 2;M
M2-II-7-5;CONDIMENTS/SEL - 5;M
M2-II-8-1;SAUCES CHAUDES/ÉPICES - 1;M
M2-II-7-4;CONDIMENTS/SEL - 4;M
M2-II-7-3;CONDIMENTS/SEL - 3;M
M2-II-7-2;CONDIMENTS/SEL - 2;M
M2-II-7-1;CONDIMENTS/SEL - 1;M
010503200000000000;HUILES;M
010503300000000000;SEL;M
010503400000000000;CONDIMENTS-SAUCES FROIDES;M
010503250000000000;VINAIGRES ET VINAIGRETTES;M
010503450000000000;SAUCES CHAUDES;M
010503350000000000;EPICES;M
M2-II-9-1;FARINES/SUCRES - 1;M
M2-II-9-2;FARINES/SUCRES - 2;M
M2-II-9-3;FARINES/SUCRES - 3;M
M2-II-9-4;FARINES/SUCRES - 4;M
M2-II-9-5;FARINES/SUCRES - 5;M
M2-II-9-6;FARINES/SUCRES - 6;M
M2-II-9-7;FARINES/SUCRES - 7;M
M2-II-9-8;FARINES/SUCRES - 8;M
010503100000000000;FARINES ET FECULENTS;M
010503500000000000;AIDES A LA CUISINE;M
010503050000000000;AIDE PATISSERIE;M
010503150000000000;SUCRES;M
M2-JJ-1-1;LAIT/CREME1;N
M2-JJ-1-2;LAIT/CREME2;N
M2-JJ-1-3;LAIT/CREME3;N
M2-JJ-1-4;LAIT/CREME4;N
M2-JJ-1-5;LAIT/CREME5;N
M2-JJ-1-6;LAIT/CREME6;N
M2-JJ-1-7;LAIT/CREME7;N
M2-JJ-1-8;LAIT/CREME8;N
M2-JJ-1-9;LAIT/CREME9;N
022532000000000000;LAITS ET DERIVES;N
M2-JJ-2-1;OEUF1;N
M2-JJ-2-2;OEUF2;N
M2-JJ-2-3;OEUF3;N
M2-JJ-2-4;OEUF4;N
022533000000000000;OEUFS;N
M2-JJ-10-1;SAUCISSON1;N
M2-JJ-10-2;SAUCISSON2;N
024041000000000000;SAUCISSON ET JAMBONS SECS H.F.;N
M2-JJ-3-1;JAMBON/RILLETTE1;O
M2-JJ-3-2;JAMBON/RILLETTE2;O
M2-JJ-3-3;JAMBON/RILLETTE3;O
M2-JJ-3-4;JAMBON/RILLETTE4;O
M2-JJ-3-5;JAMBON/RILLETTE5;O
M2-JJ-3-6;JAMBON/RILLETTE6;O
M2-JJ-3-7;JAMBON/RILLETTE7;O
M2-JJ-3-8;JAMBON/RILLETTE8;O
M2-JJ-3-9;JAMBON/RILLETTE9;O
M2-JJ-3-10;JAMBON/RILLETTE10;O
M2-JJ-3-11;JAMBON/RILLETTE11;O
M2-JJ-4-1;TG ARR JAMBON;O
M2-JJ-5-1;TRAITEUR CHAUD ANTICIPATION;O
M2-JJ-6-1;BAC FRAIS COSME1;O
M2-JJ-6-2;BAC FRAIS COSME2;O
M2-JJ-6-3;BAC FRAIS COSME3;O
M2-JJ-6-4;BAC FRAIS COSME4;O
M2-JJ-6-5;BAC FRAIS COSME5;O
M2-JJ-7-1;VOLAILLE LS1;O
M2-JJ-7-2;VOLAILLE LS2;O
M2-JJ-7-3;VOLAILLE LS3;O
M2-JJ-7-4;VOLAILLE LS4;O
M2-JJ-7-5;VOLAILLE LS5;O
025000000000000000;VOL.LS INDUST.;O
M2-JJ-9-1;BAC ARR LARDON1;O
M2-JJ-9-2;BAC ARR LARDON2;O
M2-JJ-9-3;BAC ARR LARDON3;O
M2-JJ-8-1;LARDON/PIZZA1;O
M2-JJ-8-2;LARDON/PIZZA2;O
M2-JJ-8-3;LARDON/PIZZA3;O
M2-JJ-8-4;LARDON/PIZZA4;O
M2-JJ-8-5;LARDON/PIZZA5;O
M2-JJ-8-6;LARDON/PIZZA6;O
M2-JJ-8-7;LARDON/PIZZA7;O
M2-JJ-8-8;LARDON/PIZZA8;O
024038000000000000;CHARCT.LS UVCI;O
M2-JJ-11-1;SALADE/SANDWICH/PLAT CUISINE1;O
M2-JJ-11-2;SALADE/SANDWICH/PLAT CUISINE2;O
M2-JJ-11-3;SALADE/SANDWICH/PLAT CUISINE3;O
M2-JJ-11-4;SALADE/SANDWICH/PLAT CUISINE4;O
M2-JJ-11-5;SALADE/SANDWICH/PLAT CUISINE5;O
M2-JJ-11-6;SALADE/SANDWICH/PLAT CUISINE6;O
M2-JJ-11-7;SALADE/SANDWICH/PLAT CUISINE7;O
024039000000000000;TRAITEUR LS UVCI;O
M2-JJ-12-1;TRAITEUR FROID1;P
M2-JJ-12-2;TRAITEUR FROID2;P
M2-JJ-12-3;TRAITEUR FROID3;P
M2-JJ-12-4;TRAITEUR FROID4;P
M2-JJ-12-5;TRAITEUR FROID5;P
024500000000000000;CHARCT.TRAIT.TRADT.;P
M2-JJ-12-6;TRAITEUR FROID ANTICIPATION;P
024545000000000000;TRAITEUR FRAIS EMBALLE;P
M2-JJ-13-1;YAOURT 1;Q
M2-JJ-13-2;YAOURT 2;Q
M2-JJ-13-3;YAOURT 3;Q
M2-JJ-13-4;YAOURT 4;Q
M2-JJ-13-5;YAOURT 5;Q
M2-JJ-13-6;YAOURT 6;Q
M2-JJ-13-7;YAOURT 7;Q
M2-JJ-13-8;YAOURT 8;Q
M2-JJ-13-9;YAOURT 9;Q
M2-JJ-13-10;YAOURT 10;Q
M2-JJ-13-11;YAOURT 11;Q
M2-JJ-13-12;YAOURT 12;Q
M2-JJ-14-1;YAOURT 1;Q
M2-JJ-14-2;YAOURT 2;Q
M2-JJ-14-3;YAOURT 3;Q
M2-JJ-14-4;YAOURT 4;Q
M2-JJ-14-5;YAOURT 5;Q
M2-JJ-14-6;YAOURT 6;Q
M2-JJ-14-7;YAOURT 7;Q
M2-JJ-14-8;YAOURT 8;Q
M2-JJ-14-9;YAOURT 9;Q
022529000000000000;ULTRA FRAIS;Q
M2-JJ-15-1;BAC YAOURT;Q
M2-JJ-16-1;BEURRE/CREME/RAPES1;Q
M2-JJ-16-2;BEURRE/CREME/RAPES2;Q
M2-JJ-16-3;BEURRE/CREME/RAPES3;Q
M2-JJ-16-4;BEURRE/CREME/RAPES4;Q
M2-JJ-16-5;BEURRE/CREME/RAPES5;Q
M2-JJ-16-6;BEURRE/CREME/RAPES6;Q
M2-JJ-16-7;BEURRE/CREME/RAPES7;Q
M2-JJ-16-8;BEURRE/CREME/RAPES8;Q
M2-JJ-16-9;BEURRE/CREME/RAPES9;Q
022529250000000000;CREMES FRAICHES;Q
022532050000000000;LAIT FRAIS;Q
022530000000000000;MARGARINES ET COMPOSEES;Q
022531000000000000;BEURRE;Q
M2-JJ-17-1;FROMAGE1;Q
M2-JJ-17-2;FROMAGE2;Q
M2-JJ-17-3;FROMAGE3;Q
M2-JJ-17-4;FROMAGE4;Q
M2-JJ-17-5;FROMAGE5;Q
M2-JJ-17-6;FROMAGE6;Q
M2-JJ-17-7;FROMAGE7;Q
M2-JJ-17-8;FROMAGE8;Q
M2-JJ-17-9;FROMAGE9;Q
M2-JJ-17-10;FROMAGE10;Q
M2-JJ-17-11;FROMAGE11;Q
M2-JJ-18-1;TG FROMAGE;Q
022528000000000000;FROMAGE LS;Q
M2-KK-7-1;FROMAGE A LA COUPE1;P
M2-KK-7-2;FROMAGE A LA COUPE2;P
M2-KK-7-3;FROMAGE A LA COUPE3;P
M2-KK-7-4;FROMAGE A LA COUPE4;P
M2-KK-7-5;FROMAGE A LA COUPE5;P
M2-KK-7-6;FROMAGE A LA COUPE6;P
M2-KK-7-7;FROMAGE A LA COUPE7;P
M2-KK-7-8;FROMAGE A LA COUPE8;P
022000000000000000;FROMAGE A LA COUPE;P
M2-KK-3-1;BAC BOUCHERIE1;P
M2-KK-3-2;BAC BOUCHERIE2;P
M2-KK-3-3;BAC BOUCHERIE3;P
M2-KK-3-4;BAC BOUCHERIE4;P
M2-KK-3-5;BAC BOUCHERIE5;P
M2-KK-4-1;ARMOIR BOUCHERIE1;P
M2-KK-4-2;ARMOIR BOUCHERIE2;P
M2-KK-4-3;ARMOIR BOUCHERIE3;P
M2-KK-4-4;ARMOIR BOUCHERIE4;P
M2-KK-4-5;ARMOIR BOUCHERIE5;P
M2-KK-4-6;ARMOIR BOUCHERIE6;P
026000000000000000;BOUCH.VOL.ATELIER;P
025500000000000000;BOUCH.LS.INDUST.;P
M2-KK-6-1;ARMOIR SAURISSERIE1;P
M2-KK-6-2;ARMOIR SAURISSERIE2;P
M2-KK-6-3;ARMOIR SAURISSERIE3;P
M2-KK-6-4;ARMOIR SAURISSERIE4;P
M2-KK-5-1;BAC SAURISSERIE1;P
M2-KK-5-2;BAC SAURISSERIE2;P
M2-KK-5-3;BAC SAURISSERIE3;P
M2-KK-5-4;BAC SAURISSERIE4;P
M2-KK-5-5;BAC SAURISSERIE5;P
024040000000000000;SAURISSERIE LS;P
026500000000000000;POISSONNERIE;P
M2-KK-8-1;BAC MENTHE VERTE/PERSIL;R
M2-KK-9-1;FRUITS;R
023034000000000000;FRUITS;R
023035000000000000;LEGUMES;S
M2-KK-10-1;SALADE FRAICHE1;S
M2-KK-10-2;SALADE FRAICHE2;S
M2-KK-10-3;SALADE FRAICHE3;S
M2-KK-11-1;BIO FRUITS ET LEGUMES;S
M2-KK-12-1;FRUIT SEC1;R
M2-KK-12-2;FRUIT SEC2;R
M2-KK-12-3;FRUIT SEC3;R
M2-KK-13-1;1;R
M2-KK-13-2;2;R
M2-KK-13-3;3;R
023036000000000000;FRUITS/LEGUMES LS SECS;R
023054000000000000;JUS DE FRUITS FRAIS;R
M2-LL-1-1;SURGELE ARMOIR GLACE/VIANDE1;T
M2-LL-1-2;SURGELE ARMOIR GLACE/VIANDE2;T
M2-LL-1-3;SURGELE ARMOIR GLACE/VIANDE3;T
M2-LL-1-4;SURGELE ARMOIR GLACE/VIANDE4;T
M2-LL-1-5;SURGELE ARMOIR GLACE/VIANDE5;T
M2-LL-1-6;SURGELE ARMOIR GLACE/VIANDE6;T
M2-LL-1-7;SURGELE ARMOIR GLACE/VIANDE7;T
M2-LL-1-8;SURGELE ARMOIR GLACE/VIANDE8;T
M2-LL-1-9;SURGELE ARMOIR GLACE/VIANDE9;T
021524300000000000;VIANDE;T
021524550000000000;PRODUITS KACHER;T
021524600000000000;PRODUITS HALLAL;T
021525000000000000;SURGELE SUCRE;T
M2-LL-2-1;BAC SURGELE FRITE 1;T
M2-LL-2-2;BAC SURGELE FRITE 2;T
M2-LL-2-3;BAC SURGELE FRITE 3;T
M2-LL-2-4;BAC SURGELE FRITE 4;T
M2-LL-2-5;BAC SURGELE FRITE 5;T
M2-LL-2-6;BAC SURGELE FRITE 6;T
M2-LL-2-7;BAC SURGELE FRITE 7;T
M2-LL-2-8;BAC SURGELE FRITE 8;T
M2-LL-2-9;BAC SURGELE FRITE 9;T
M2-LL-2-10;BAC SURGELE FRITE 10;T
M2-LL-2-11;BAC SURGELE FRITE 11;T
021524500000000000;POMMES DE TERRE A CUISINER;T
M2-LL-3-1;BAC TG SURGELE;T
M2-LL-4-1;BAC SURGELE LEGUME1;T
M2-LL-4-2;BAC SURGELE LEGUME2;T
M2-LL-4-3;BAC SURGELE LEGUME3;T
M2-LL-4-4;BAC SURGELE LEGUME4;T
M2-LL-4-5;BAC SURGELE LEGUME5;T
M2-LL-4-6;BAC SURGELE LEGUME6;T
M2-LL-4-7;BAC SURGELE LEGUME7;T
M2-LL-4-8;BAC SURGELE LEGUME8;T
M2-LL-4-9;BAC SURGELE LEGUME9;T
M2-LL-4-10;BAC SURGELE LEGUME 10;T
M2-LL-4-11;BAC SURGELE LEGUME 11;T
021524250000000000;PRODUITS DE LA MER;T
021524400000000000;LEGUMES BRUT A CUISINER;T
021524450000000000;ACCOMP.PRETS A L'EMPLOI;T
M2-LL-5-1;SURGELE ARMOIR PIZZA APERITIFS1;T
M2-LL-5-2;SURGELE ARMOIR PIZZA APERITIFS2;T
M2-LL-5-3;SURGELE ARMOIR PIZZA APERITIFS3;T
M2-LL-5-4;SURGELE ARMOIR PIZZA APERITIFS4;T
M2-LL-5-5;SURGELE ARMOIR PIZZA APERITIFS5;T
M2-LL-5-6;SURGELE ARMOIR PIZZA APERITIFS6;T
M2-LL-5-7;SURGELE ARMOIR PIZZA APERITIFS7;T
M2-LL-5-8;SURGELE ARMOIR PIZZA APERITIFS8;T
M2-LL-5-9;SURGELE ARMOIR PIZZA APERITIFS9;T
021524200000000000;PLATS CUISINES;T
021524100000000000;RESTAURATION RAPIDE;T
021524150000000000;ENTREES;T
021524350000000000;AIDES CULINAIRES;T
021524650000000000;SURGELÉ SALÉ BIOLOGIQUE;T
021524050000000000;PATISSERIES SALEES;T
M2-MM-1-1;TG BRIOCHE;U
M2-MM-2-1;BRIOCHE/MADELAINE1;U
M2-MM-2-2;BRIOCHE/MADELAINE2;U
M2-MM-2-3;BRIOCHE/MADELAINE3;U
M2-MM-2-4;BRIOCHE/MADELAINE4;U
M2-MM-2-5;BRIOCHE/MADELAINE5;U
M2-MM-2-6;BRIOCHE/MADELAINE6;U
M2-MM-2-7;BRIOCHE/MADELAINE7;U
M2-MM-2-8;BRIOCHE/MADELAINE8;U
M2-MM-2-9;BRIOCHE/MADELAINE9;U
M2-MM-2-10;BRIOCHE/MADELAINE10;U
M2-MM-2-11;BRIOCHE/MADELAINE11;U
M2-MM-3-1;PAIN DE MIE1;U
M2-MM-3-2;PAIN DE MIE2;U
M2-MM-3-3;PAIN DE MIE3;U
021000000000000000;PAT INDUSTRIELLE;U
M2-MM-4-1;BVP;U
010502101000000000;PATISSERIE;U
020500000000000000;BVP;U
023500000000000000;FLEURS & PLANTES;R
M1-ZZ-0-0;NON ADRESSÉ;V
