3256220204217;U Jus d'orange multifruits abc 6x200ml
3256229921016;U Sel régénérant U pour lave vaisselle 4x1kg
3256220177689;U Eponge végétale grattante - x6
8000500290415;Barre fine gaufre et chocolat fourré lait noisette KINDER BUENO, 2x10,430g
3256226756048;U Papier toilette doux rose 2 plis x12 rouleaux
3256222735801;U Essuie-tout multi-usage blanc maxi rouleau x1
3256224068174;U Essuie-tout blanc compact x4 = 8 rouleaux
3133200044400;Essuie-tout blancs OKAY, 2 rouleaux XXL
8004260299923;Essuie-Tout ultra absorbant blanc SOPALIN X2=4
8004260299855;Essuie-Tout SOPALIN Love decore fsc x3
3662138022292;Essuie-tout 3 plis abso blanc FOXY x2 rouleaux
3256222647005;U Papier toilette décoré 2 plis 6 rouleaux
3660992012718;Essuie-tout 2 plis PRIX MINI x3 = 9 rouleaux
3256226756055;U Papier toilette doux blanc 2 plis x6 rouleaux
3133200094559;Papier toilette confort LOTUS x6 rlx
3256226577568;U Papier toilette ultra doux blanc 4 plis x6
3256224639183;U Essuie-tout blanc compact 1/2 feuilles x2 = 4 rouleaux
3256227111297;U Papier toilette vert parfum thé vert 3 plis 6 rouleaux
3133200093811;Essuie-tout XXL blanc OKAY, 4 rouleaux équivalent à 6 rouleaux
3660992012824;Papier toilette 2 plis rose PRIX MINI - x8
3133200094856;Papier toilette Confort rose LOTUS x24 rouleaux
7322540833188;Papier toilette extrait de lotus aquatube 3 Plis MOLTONEL - x9 rouleaux
3256228656568;U NATURE Papier toilette 2 plis ultra compact, x4=12 rouleaux
3256221949599;U Papier toilette ultra moelleux rose 3 plis x12
7322540818796;Papier toilette just 1 LOTUS 5P x6 rouleaux
3256221949681;U Papier toilette doux blanc 2 plis 6 maxi rouleaux
3256227443220;U Papier toilette blanc 2 plis 9 rouleaux
3256220063067;U Papier toilette décoré 3 plis 6 rouleaux
3256227554865;U Papier toilette 5 plis maxi, 6=9 rouleaux
3256222735795;U Papier toilette ultra épais 5 plis 6 rouleaux
3502110009449;Jus d'orange pure premium sans pulpe TROPICANA, 1l
3192200002117;Jus de pomme pétillant L'Original CHAMPOMY - la bouteille de 75cl
3502110006790;Pur jus d'orange sans pulpe TROPICANA, 1,5l
3123349014556;Jus multifruits à base de concentré Le Fruit PET - JOKER - 1L
3256223028285;U Jus à base de concentré d'orange 1l
3123349011227;Pur jus d'orange sans pulpe PET - JOKER - 1L
3256223028377;U Jus à base de concentré de pomme 1l
3256223014561;U Sirop de fraise bidon de 75cl
3256226385088;U Sirop de grenadine bouteille de 1,3l
3256225433193;U Boisson à base d'eau gazeuse extra pétillant saveur citron vert zéro sucre , bouteille de 1l
3256223014516;U Sirop de citron bidon de 75cl
3256223014578;U Sirop de pêche bidon de 75cl
3256225718481;U Boisson gazeuse à base d'eau minérale naturelle pétillante saveur citron-citron vert zéro sucre 1L
3256223014547;U Sirop de menthe verte bidon de 75cl
3179730107734;Eau minérale naturelle gazeuse PERRIER - 8x20cl
3256226396992;U Sirop de citron vert 75cl
3256226385101;U Sirop de menthe bouteille de 1,3l
3256225433186;U Eau gazeuse extra pétillante Saveur Citron zéro sucre U 1l
3256223014530;U Sirop de grenadine bidon de 75cl
3256220060295;U Boisson à base d'eau de source arômatisée citron-citron vert sans sucre 1,5L
3256229292642;U Eau aromatisée saveur fraise sans sucres 1,5L
3092718637064;Sirop de Grenadine TEISSEIRE, bidon 60cl
3124480196774;Boisson aux fruits Sans sucres Tropical OASIS - la bouteille de 1,5L
3256222240008;U Sirop de recette gourmande banane/kiwi bouteille de 70cl
3057640380778;Eau minérale aromatisée citron VOLVIC ZEST - 6x50cl
1200101017825;Boisson jus de cranberry classic OCEAN SPRAY, Bouteille 1L
3124480100016;Boisson aux fruits Tropical OASIS - la bouteille de 1L
3124480186799;Boisson aux fruits Pomme Cassis Framboise OASIS - 6 canettes de 33cl
3179730101824;Eau minérale naturelle CONTREX - 6x50cl
3124480191182;Boisson aux fruits Tropical OASIS - la bouteille de 2L
3124480186577;Boisson aux fruits Tropical OASIS - le pack de 6 canettes de 33cl
3256220892254;U Boisson à base de jus de fruits aromatisée Pommes, Cassis, Framboise -Bouteille de 2L
3256220060318;U Boisson à base d'eau de source aromatisée au citron et citron vert sans sucre 6x50cl
3256220513739;U Eau de source de montagne 12 bouteilles de 33cl
3256223014028;U Sirop de grenadine bouteille de 1l
3256224372165;U Sirop de cassis bouteille de 70cl
3124480193582;Boisson aux fruits Tropical OASIS - la bouteille de 1,5L
3057640379048;Eau minérale aromatisée citron VOLVIC ZEST - 1,5l
3057640265433;Eau minérale naturelle plate VOLVIC - 6x50cl
3124480204127;Boisson aux fruits Pomme Cassis Framboise OASIS - la bouteille de 2L
3256226385125;U Sirop de citron bidon de 1,3l
3256223100219;U Boisson au thé glacé Saveur pêche - Bouteille 1,5l
3256227093128;U Boisson au thé glacé Saveur pêche - Pack Canettes 6x33cl
5449000232304;Boisson Thé Glacé Pêche Hibiscus FUZETEA - Bouteille 1,25L
3256220892179;U Boisson aux jus de fruits ABC aromatisée TROPICAL, 2l
3168930171058;Boisson Thé Glacé Pêche - LIPTON ICE TEA - Bouteille 1,75L
5449000266002;Boisson Thé Glacé Citron vert Menthe FUZETEA - Bouteille 1,25L
7613034579942;Eau minérale naturelle gazeuse PERRIER - 6x33cl
3168930170570;Boisson Thé Glacé Pêche Sans Sucres - LIPTON ICE TEA - Bouteille 1,25L
3660992012534;Boisson thé glacé saveur pêche PRIX MINI - 2L
3256223682357;U Boisson au thé glacé Saveur pêche - Bouteille 1l
3124480195326;Thé glacé saveur Menthe MAYTEA - la bouteille d'1,2L
5449000295750;Boisson Thé Glacé Pêche FUZETEA - Bouteille 1,75L
3168930170549;Boisson Thé Glacé Pêche - LIPTON ICE TEA - Bouteille 1,25L
3256223099834;U Boisson au thé glacé Saveur pêche - Bouteille 2l
5449000232250;Boisson Thé Glacé Pêche FUZETEA - Bouteille 1,25L
3256223100226;U Boisson au thé Saveur pêche zéro, bouteille de 1,5l
3168930176435;Boisson Thé Glacé Pêche - LIPTON ICE TEA - Bouteille 1L
3256223510049;U Eau de source des montagnes d'Auvergne 6x50cl
3256224059066;U Pur jus d'orange sans pulpe pet 1,5L
3254691586054;Nectar bio Multifruits PRESSADE, brique 1,5l
3256220063968;U Pur jus multifruits bouteille de 1,5l
3256229216594;U Pur jus de pomme PET 1 litre
3256220063975;U Pur jus multifruits 1l
3256229216587;U Pur jus d'orange Bouteille PET 1L
3256223028315;Sauce épicée sricacha TABASCO 256ml
3256229233843;U Pur jus de raisin rouge Pet 1litre
3256220887984;U Pur jus de clémentine 1l
3256226385682;U Pur jus d'orange sans pulpe, zéro résidu de pesticides, bouteille 2L
3256222831558;U Nectar Goyave - PET 75cl
3256223028520;U Pur jus de pamplemousse rose bouteille en plastique de 1l
3502110009456;Pur jus d'orange sans pulpe Pure Premium TROPICANA, 2 bouteilles de 1l
3256220887991;U Pur jus d'ananas bouteille en plastique de 1l
3256225426768;U Pur jus de pomme filière pet 1,5 litre
3256223028513;U Pur jus d'orange avec pulpe pet 1L
3256229782808;U Pur jus d'orange sans pulpe PET 4x1 litre
3256220064026;U Pur jus d'orange avec pulpe, bouteille 1,5L
3256223028308;
3256223028346;U Jus à base de concentré d'ananas 1l
3660992012589;Pur Jus d'orange PRIX MINI 1litre
3256223028391;U Jus à base de concentré de pomme 6 briques de 20cl
3256224761204;U Nectar multifruits sans sucres ajoutés brique 2L
3256224761198;U Nectar orange sans sucres ajoutés brique 2L
3502110003652;Pure Prémium Réveil Fruité TROPICANA , bouteille en plastique 1 litre
3256222643922;U Pur jus orange mandarine raisin blanc 2l
3256221675955;U Jus à base de concentré multifruits brique 1l
3256223027844;U Pur jus d'ananas du Costa Rica 1l
3660992012572;Jus de pomme ABC PRIX MINI, brique 1,5 litres
3660992012619;Nectar multifruits PRIX MINI - 6x20cl
3256224761235;U Nectar pomme sans sucres ajoutés brique 2L
3502110005670;Jus de pomme douce TROPICANA fruits pressés 1L
3256223027837;U Pur jus de pomme de Normandie brique de 1l
3256228415202;U Jus de raisin brique 1 litre
3256224761174;U Nectar tropical riche en fruits brique 6 briques de 20cl
3660992012633;Nectar multifruits PRIX MINI, brique 1,5litres
5410188011326;Pur jus Essentiels multivitaminés TROPICANA, 1,5l
3660992012602;Nectar d'orange PRIX MINI, brique 1,5litres
3254690670709;Nectar bio Multifruits PRESSADE, 6 briquettes 20cl
3254691592116;Nectar Pomme PRESSADE Bio Briquette 6x20cl
3256223028056;U Pur jus multifruits brique de 2l
3256228440006;U BIO Pur jus de pomme brique 6x20cl
3256228433978;U BIO Nectar multifruits sans sucres ajoutés brique 1 litre
3256226084554;U BIO Pur jus Matin Douceur orange/clémentine/raisin blanc U BIO bouteilleen verre de 1l
3256220023931;U BIO Pur jus de pomme 1l
3256223027882;U Pur jus orange sans pulpe, brique 2L
3256228439994;U BIO Pur jus multi-fruits briquette 6x20cl
4000177211328;Boisson aux fruits Tropical CAPRI SUN - pack de 10x200ml
3254691592024;Nectar ORANGE PRESSADE bio briquette 6x20cl
3256220023924;U BIO Pur jus orange bocal 1 litre
3274936101200;Pur jus d'orange des Amériques Plein Fruit, brique de 1l
3256220876667;Presse-agrumes ultracompact MOULINEX pc120870 -
3760167700003;Granulés de bois 15kg pour poêles à pellets - WOOSTOCK
3057640257858;Eau minérale naturelle plate VOLVIC - 6x1,5l
3540709000910;Granulés de bois 15kg - FLAMINO
3274080001005;Eau de source CRISTALINE, 6 bouteilles de 1,5l
5449000243171;Soda COCA-COLA Original - Pack mini canettes 6x20cl
5000112611762;Soda COCA-COLA sans sucres - Bouteille 1,25L
5449000283870;Soda sans sucres COCA-COLA - Pack canettes 6x33cl
5000112611878;Soda COCA-COLA sans sucres - Bouteille 1,75L
3124480002129;Soda Zero saveur Citron SCHWEPPES - la bouteille de 1,5L
3502110009357;Soda au cola zéro sucres PEPSI - Bouteille 1,5L
3256223669068;U Boisson gazéifiée aromatisée agrumes avec édulcorant 1,5L
3484700007977;Soda sans sucres BREIZH COLA, bouteille pet 1,5L
5449000195340;Soda Cerise Cherry sans sucre COCA-COLA - Bouteille 1,25L
3256220659062;U Boisson Soda zéro sans sucre, bouteille 1,5L
3124480196248;Soda Zero saveur Agrumes SCHWEPPES - la bouteille de 1,5L
5449000292704;Soda COCA-COLA Light - Pack canettes 6x33cl
5449000243195;Soda sans sucres COCA-COLA - Pack mini canettes 6x20cl
5449000267443;Soda vanille COCA-COLA - Bouteille 1,25L
3660992012510;Limonade PRIX MINI - Bouteille pet 1,5 litre
3256223010396;U Limonade PET, 4x1,5L
3256223023150;U Boisson gazéifiée saveur cola avec sucre et édulcorant, 4x1,5L
5449000267436;Soda Cerise Cherry COCA-COLA - Bouteille 1,25L
3256223010532;U Limonade zéro sans sucres - Bouteille 1,5L
3179750055237;Limonade PLANCOET, bouteille de 1,5l
3256221134742;U BIO Limonade bouteille de 1l
3124480000378;Soda Ginger Ale saveur gingembre CANADA DRY - la bouteille de 1,5L
3256223022221;U Boisson gazéifiée saveur cola avec sucre et édulcorant, 1,5L
3265474000018;Wok TEFAL WO300010-6L-1200W-Cuve aluminium antiadhésive-argent-Thermostat réglable
3265479568001;Huile ISIO 4 Lesieur bouteille 1 litre offre saisonnière
3256220280136;U BIO Huile d'olive vierge extra bouteille de 75cl
3660992017621;Vinaigre d'alcool cristal 8° PRIX MINI - 1,5L
3256221712230;U Huile de tournesol Bouteille 1L
3256224081609;U Sauce vinaigrette à l'huile d'olive 10% et aux tomates séchées shakerde 550ml
3660992011636;Huile de tournesol PRIX MINI - Bouteille 1L
3660992011667;Huile de colza PRIX MINI - Bouteille 1L
3256221712056;U Huile Mélange 4 huiles Bouteille 1L
3256224044130;U Vinaigre de vin rouge affiné en fût de chêne 7° bouteille en verrede75cl
3256221510324;U Sauce crudités nature bouteille de 500ml
3256225429073;U Huile d'olive extra vierge Bouteille 250mL
3256221712254;U Huile de colza Bouteille 1L
3256221712155;U Huile d'olive vierge extra Bouteille 1L
3256221510072;U Vinaigre de cidre 5° bouteille en verre de 75cl
3256220764261;U Vinaigre balsamique bouteille en verre de 50cl
3256222254227;U Sauce vinaigrette au vinaigre de vin rouge et à l'échalote shaker de550ml
3256227465420;U Sauce crudité caesar bouteille de 500ml
3256220280129;U BIO Vinaigre de cidre bouteille en verre de 50cl
3256221712162;U Huile d'olive Bouteille 50cL
3265471024086;"Huile ""Coeur de Tournesol"" LESIEUR, Bouteille 1L"
7613030946021;Sachets fraîcheur pour chat PERLE Plaisirs de la Mer GOURMET - 4x85g
3660992012299;Mélange graines pour oiseaux de la nature, PRIX MINI, sac de 1,5kg
7613287790866;Sachet fraicheur pour chat junior - de 1 à 12 mois - Effilés en SaucePURINA ONE - 8x85G - 680G
3660992016419;Aliment pour Chien Pâtée au poulet PRIX MINI - barquette 300g
3660992011674;Vinaigre d'alcool cristal 10° PRIX MINI - 5L
3660992012336;Boules de graisse pour oiseaux de la nature x10 PRIX MINI 900g
3660992012459;Aliment pour chien Pâtée au boeuf PRIX MINI - barquette 300g
7613033663246;Croquettes pour chaton JUNIOR Poulet, Céréales Complètes PURINA ONE -1,5kg
7613032759155;Croquettes pour chat adulte stérilisé Saumon, Blé PURINA ONE - 1,5kg
3249760011063;Soda à l'orange ORANGINA - la bouteille de 1L
3124480185020;Soda Sans sucres à l'orange ORANGINA - la bouteille de 1,5L
3124480196262;Soda saveur Agrumes SCHWEPPES - la bouteille de 1,5L
3124480183217;Soda saveur Agrumes SCHWEPPES - la bouteille de 1L
5410221205170;Soda saveur Agrumes SCHWEPPES - le pack de 6 canettes de 33cl
5449000286284;Soda Citron Citron vert SPRITE - Bouteille 1,25L
3256223669037;U Boisson gazéifiée au jus d'orange à base de concentré avec sucre et édulcorant 1,5L
3124480200433;Soda à l'orange ORANGINA - la bouteille de 1,5L
3124480196361;Soda Indian Tonic SCHWEPPES - la bouteille de 1,5L
5449000308085;Soda Citron frappé FANTA - Bouteille 1,25L
3229820792132;Boisson végétale Bio Avoine BJORG - Brique 1L
3229820787015;Boisson végétale lait d'Amande bio Sans sucres BJORG - brique 1l
3256223377444;U BIO Boisson végétale soja à la vanille 1l
3256223377406;U BIO Boisson avoine - 1L
3229820181424;Boisson végétale Bio Noisette BJORG - Brique 1L
3256223377420;U BIO Boisson végétale au riz 1l
3256223377437;U BIO Boisson végétale soja nature 1l
3041091466846;BLEDINA BLEDILAIT - Lait de croissance, dès 12 mois - 6x1l
8712000051310;Bière blonde AFFLIGEM, 6,7°, fût pression de 5l
5410228233077;Bière blonde LEFFE, 6,6° - bouteille 6x25cl
5010327253749;Whisky Blended Grant's Triple Wood 40° 1 litre
3256223624326;U Pastis de Marseille 45°, 1l
3256221136609;U Vin blanc AOP Vouvray brut , 75cl
3438931000429;Vin mousseux brut OPERA, 75cl
3119780268825;Bière blonde HEINEKEN, 5°, 12 canettes de 33cl
5010106111956;Scotch whisky Finest BALLANTINE'S, 40°, 1l
3256223150122;U Cidre brut 4,5° PET 1,5l
3119780268894;Bière blonde HEINEKEN, 5°, mini fût pression de 5l
3256223631218;U Porto Tawny Cortesão, 19°, bouteille de 75cl
3438931000436;Vin mousseux demi-sec OPERA, 75cl
3163937010003;Pastis RICARD, 45°, 1l
3438931007251;Vin mousseux brut, bouteille de 75cl
3080216055336;Bière aromatisée citron sans alcool TOURTEL TWIST, 0,0° - Bouteilles 6x27,5cl
5411223005263;Bière LINDEMANS Pecheresse 1,1° 25cl
3261570000044;Bière blonde à l'ancienne LA GOUDALE 7,2° - Bouteille 75cl
3256225037964;U Vin Rosé AOP d'anjou Les Hauts Buis 75cl
3438931010411;Vin mousseux brut Charles Volner 75cl
0000054050051;"Téléviseur 32"" HD SAMSUNG H5005F smart TV"
3119780268405;Bière arômatisée téquila DESPERADOS, 5,9° 6x33cl
5056025440449;Bière Punk Indian Pale Ale 5,4° BREWDOG - Canette 50cl
3256220367608;U Vin Rosé d'Anjou AOP Les Hauts Buis 75cl
3261570001546;Bière blonde à l'ancienne LA GOUDALE 7,2°, 6x25cl
3256223740200;U Crème de cassis de Dijon, 16°, bouteille de 70cl
3256225042135;U Haricots rouges - Boîte 500g
3256220368025;U Coeurs de palmier, boîte de 1/2 220g poids net égoutté 400g
3256228969057;U Tomates entières pelées au jus - Boîte de 238g net égoutté
3017800510025;Ratatouille provençale D'AUCY 380g
3256225042067;U Haricots blancs préparés - Boîte 250g
3256225042098;U Haricots blancs tomate - Boîte 800g
3368956845869;U SAVEURS Ratatouille cuisinée en Provence - Bocal 520g
3256222113807;U Macédoine de légumes - Boîte 530g
3256220194570;U Lentilles U 530g
3083681095296;Ratatouille cuisinée à la provençale CASSEGRAIN - Boîte 380g
3017800008898;Tomates pelées chair ferme D'AUCY - Boîte de 238g net égoutté
3256222114453;U Macédoine de légumes - 3 boîtes de 130g net égoutté
3256225042074;U Haricots blancs préparés - Boîte 500g
3660992012022;Tomates entières pelées PRIX MINI - Boîte 476g
3083680973939;Ratatouille cuisinée à la Provençale CASSEGRAIN - Boîte 660g
3256225042104;U Pois chiches - Boîte 265g
3256225039456;U Maïs doux en grains sans sucre ajouté - 3 boîtes de 140g
3256228104397;U Légumes pour couscous recette à l'orientale - Boîte 800g
3256225042043;U Lentilles préparées - Boîte 265g
3256225429158;U Ratatouille - Boîte de 750g
3256228969224;U Tomates cerises entières au jus - Boîte de 240g net égoutté
3256225042128;U Haricots rouges - Boîte 250g
3660992012015;Tomates entières pelées PRIX MINI - Boîte 238g
3256225039432;U Maïs doux en grains sans sucre ajouté - Boîte 285g
3256222645612;U BIO Ratatouille bio - bocal 520g
3256222114170;U Maïs doux en grains - 3 boîtes de 140g
3256225429165;U Ratatouille - Boîte de 375g
3083680901024;Ratatouille cuisinée CASSEGRAIN - Boîte 185g
3256225042081;U Haricots blancs tomate - Boîte 400g
3256228969187;U Tomates entières pelées au jus - Boîte 476g
3083680002929;Macédoine de légumes BONDUELLE - Boîte 265g
3017800010518;Lentilles préparées Cultivé en France D'AUCY - 530g
3083680002981;Macédoine de légumes Sans conservateur BONDUELLE - Boîte de 530g net égoutté
3256222114088;U Maïs doux en grains - Boîte 285g
3256226756642;U BIO Maïs doux en grains - 3 boîtes de 140g
3017800078853;Lentilles préparées Cultivé en France D'AUCY - 220g
3256222113814;U Macédoine de légumes - Boîte 265g
3256226756635;U BIO Maïs doux en grains - Boîte 285g
3256225733835;U Cassoulet, Boîte 4/4 de 840g
3256225736126;U Saucisses aux lentilles cuisinées aux petits légumes boîte 4/4 840g
3021690203127;Flageolets cuisinés à l'Auvergnate RAYNAL ET ROQUELAURE - Boîte 410g
3256222115504;U Champignons de Paris entiers 1er choix - Boîte 230g
3256220360432;U Asperges blanches grosses - Bocal de 205g net égoutté
3256225428861;U Ravioli pur boeuf boîte de 400g
3256221667806;U Choux de Bruxelles - Boîte 530g
3256222114279;U Asperges blanches miniatures - Bocal de 110g net égoutté
3038352881005;Raviolis à la sauce bolognaise PANZANI, boîte de 800g
3256225736119;U Saucisses aux lentilles boite de 420g
3021690201123;Lentilles cuisinées à l'Auvergnate RAYNAL & ROQUELAURE - boîte 410g
3256222115542;U Champignons de Paris pieds & morceaux - Boîte 460g
3083680613576;Lentilles cuisinées aux oignons et carottes CASSEGRAIN - Boîte 265g
3038352880305;Ravioli pur boeuf PANZANI, boîte 4/4 de 800g
3256225428878;U Ravioli pur boeuf Boîte de 800g
3256220367974;U Pointes d'asperges blanches - Bocal 110g
3256222115559;U Champignons de Paris pieds et morceaux - Boîte de 230g net égoutté
3256220879057;U Champignons de Paris pieds & morceaux - 3 boîtes de 115g
3660992011964;Champignons de Paris pieds et morceaux PRIX MINI - Boîte 230g
3256222115528;U Champignons de Paris émincés au naturel - Boîte 230g
3256225042111;U Pois chiches - Boîte 530g
3256220368070;U Asperges vertes miniatures - Bocal 100g
3256227465338;U Légumes Pôelée printanière - Boîte de 580g
3256223670484;U BIO Légumes pour couscous - Bocal 520g
3021690201116;Lentilles cuisinées à l'Auvergnate RAYNAL & ROQUELAURE - Boîte 820g
3256225733828;U Cassoulet boîte de 420g
3256225428779;U Ravioli pur boeuf 7,5% Boîte de 1,2kg
3083681094459;Courgettes cuisinées à la provençale CASSEGRAIN - Boîte 375g
3660992011971;Champignons de Paris pieds et morceaux PRIX MINI - Boîte 460g
3256221667790;U Choux de bruxelles - Boîte 265g
3256221011302;U Graine de couscous grains moyens étui de 1kg
3256221112061;U Riz long grain étuvé 10 minutes étui de 5 sachets cuisson, 200g
3256221212457;U Riz long Basmati 1kg
3256221436693;U Purée nature, 4 sachets de 125g soit 500g
3256221212426;U Riz long basmati paquet aluminisé de 500g
3165440008782;Couscous parfumé aux épices douces TIPIAK 500g
3760341070052;Riz 10 minutes LUSTUCRU 5x180g
3256220071444;U Riz basmati nature micro-ondable 2 minutes sachet de 250g
3760381260871;Purée nature MOUSLINE format 4 personnes 8 sachets de 130g 1040g
3600900006972;Huile TOTAL quartz 9000 diesel 5w40 2l -
3256221462531;U Purée nature, 8 sachets de 125g soit 1kg
3256228581570;U Pâtes Coquillette nature micro-ondable 2' doy pack 250g
3256221211917;U Riz long grain étuvé 10 minutes, étui vrac de 1kg
3760341070830;Riz à Risotto TAUREAU AILE 500g
3256220659116;U Lentille verte, étui de 500g
3256223686362;U Riz long arborio pour Rissoto étui de 500g
3256220071369;U Riz long basmati 4 sachets cuisson de 125g, 500g
3256227769146;U Lentilles corail, étui 500g
3660992011865;Semoule grains moyens PRIX MINI - boite 1kg
3760381260666;Purée nature MOUSLINE, 3 sachets x2 personnes, 195g
3256220061117;U Graines de couscous moyen 4 sachets cuisson, 125g
3487400004413;Blé nature cuisson rapide 10min EBLY - Vrac 500g
3760381260819;Purée nature MOUSLINE, 4 sachets pour 4 personnes 4x130g 520g
3760341070472;Riz basmati TAUREAU AILE 1kg
3256221671964;U Riz complet étui de 500g
3165440002919;Couscous Moyen TIPIAK - 1KG
3256228963406;U DE NOS REGIONS Crozets de Savoie au sarrasin UDNR, 400g
3256221212464;U Riz long thaï sachet carré en aluminium de 1kg
3660992011872;Riz long blanc PRIX MINI - 1kg
3256228962980;U DE NOS REGIONS Crozets de Savoie nature UDNR, 400g
3256227752513;U Riz basmati 5x200g
3256228976000;U BIO Double concentré de tomates 140g
3256220172844;U Sauce coulis de tomate Purée de tomate 3 briques, 200g
3038359000782;Sauce Tomate Ail et Oignons PANZANI - tube 180g
3038350032195;Purée de tomates sans concentré Bio Tomacouli PANZANI - brique 265g
3256223683828;U Sauce Tomates spécial Pizza à l'origan, brique de 390g
3256223683835;U Pulpe de Tomates spécial sauce coulis boîte de 390g
8005110170300;Polpa Pulpe fine de Tomates MUTTI, 3 boîtes de 400g
3256223683804;U Purée de tomate brique de 500g
8410066118090;Sauce tomate cuisinée nature HEINZ, 520g
3660992011834;Purée de tomates PRIX MINI - brique 500g
3256223371725;U Sauce tomate petits légumes tube de 180g
3256228967084;U Pulpe de tomates en dés boîte x3 1/2 1,200kg
3038359006456;Sauce Coulis de Tomate Tomacouli PANZANI - brique 500g
3256228967213;U Double concentré de tomates tube 150g
3256226387679;U Purée de tomates fraîches sans sel ajouté bouteille de 700g
3038352875035;Sauce Coulis de Tomate Tomacouli PANZANI - brique 3x200g
3038359004544;Sauce Tomates Cuisinées aux Légumes PANZANI - tube 180g
3256223683798;U Pulpe de Tomates spécial mijotés finement concassé paquet de 390g
3256222113425;U Haricots verts très fins - Boîte de 440g net égoutté
3256222113012;U Petits pois extra-fins - Boîte de 280g net égoutté
3256223662120;U BIO Haricots verts cueillis et rangés mains - Bocal 180g
3083680085311;Petits pois CASSEGRAIN - Boîte 495g
3256220665711;U Haricots beurre extra-fins - Boîte de 440g net égoutté
3017800022016;Haricots beurre extra fins Cultivé en France D'AUCY - 440g
3083681094923;Haricots verts extra fins CASSEGRAIN - Boîte de 220g net égoutté
3256222113319;U Petits pois et carottes extra fins - Boîte de 265g net égoutté
3256222113593;U Haricots verts extra-fins - Boîte de 220g net égoutté
3256220510592;U Haricots verts extra-fins - Bocal de 345g net égoutté
3256222113005;U Petits pois extra fins - Boîte de 560g net égoutté
3017800016862;Haricots verts extra fins Cultivé en France D'AUCY - 220g
3256222113210;U Petits pois très fins et carottes - Boîte de 265g net égoutté
3083681027860;Haricots verts extra fins CASSEGRAIN - Boîte de 390g net égoutté
3256222114019;U Flageolets verts extra-fins - Boîte 265g
3256222113036;U Petits pois très fins - Boîte de 280g net égoutté
3083680482066;Flageolets verts extra fins cuisinés CASSEGRAIN - Boîte 130g
3083680481991;Petits pois et carottes CASSEGRAIN - Boîte 465g net égoutté
3083681094282;Petits pois CASSEGRAIN - Boîte 280g
3083680085335;Flageolets verts extra fin CASSEGRAIN - Boîte 265g
3256220471930;U Petits pois extra-fins - Bocal de 445g net égoutté
3256222114002;U Flageolets verts extra-fins - Boîte 530g
3083681095319;Petits pois carottes CASSEGRAIN - Boîte 265g
3256220665704;U Haricots beurre extra fins boite de 220g
3256222114446;U Petits pois et carottes extra-fins - 3 boîtes de 130g net égoutté
3017800228548;Haricots verts extra-fins rangés Cultivé en France D'AUCY - 440g
3660992012053;Haricots verts très fins PRIX MINI - Boîte de 440g net égoutté
3083681057843;Haricots verts extra fins CASSEGRAIN - Boîte 110g net égoutté
3256226757106;U BIO Haricots verts extra fins - Bocal 360g
3256220471923;U Petits pois et carottes extra-fins - Bocal de 420g net égoutté
3256222113302;U Petits pois extra fins et jeunes carottes - Boîte de 530g net égoutté
3256222114422;U Flageolets extra-fins - 3 boîtes de 130g
3083680482042;Petits pois et carottes CASSEGRAIN - Boîte 130g
3256222113203;U Petits pois très fins et carottes - Boîte de 530g net égoutté
3256222114415;U Petits pois extra-fins à l'étuvée - 3 boîtes de 140g
3256225164332;U Mayonnaise bocal de 235g
3256222113586;U Haricots verts extra-fins - Boîte de 440g net égoutté
3256221134766;U Sauce bourguignonne pot en verre de 250ml
3256221412017;U Moutarde forte de Dijon verre décoré de 195g
3256225164387;U Mayonnaise allégée en matières grasses à la moutarde de Dijon pot de455g
3017800075838;Carottes rondelles Cultivé en France D'AUCY - 240g
8720182460721;Moutarde forte AMORA - verre de 430g
8712566145003;Mayonnaise recette fouettée AMORA - flacon souple de 398g
3256221134759;U Sauce Béarnaise 244g
8722700125174;Sauce burger AMORA 260g
3250541920139;Mayonnaise Fins Gourmets MAILLE, 320g
8720182556738;Moutarde forte l'originale MAILLE, 360g
3256221209433;U Moutarde à l'ancienne bocal atlas de 350g
3083680015370;Haricots verts extra-fins BONDUELLE - Bocal de 280g net égoutté
3256225164394;U Mayonnaise tube de 175g
8720182460042;Moutarde mi-forte AMORA - bocal de 415g
8711200460786;Cornichons extra-fins Croq'Vert AMORA, bocal de 370g
3083681127850;Aspirateur balai RH1127WO - ROWENTA
3017233002005;Olives Vertes Dénoyautées TRAMIER - sachet 100g
3256226755058;U Mélange haricots verts et beurre très fins - Boîte de 455g net égoutté
3256226395483;U Chambre à air 700x3240C ETRTO 3240-622630
8711200464302;Cornichons fins Croq'Vert AMORA, bocal de 540g
4012200040263;Cornichons aigre-doux à la paysanne KHUNE, 850g
8711200547982;Mayonnaise de dijon AMORA - flacon souple de 710g
3660992011742;Cornichons au vinaigre PRIX MINI - bocal 360g
3256221411003;U Cornichons extra-fins au vinaigre bocal de 72cl, 360g
3256225052622;U Mayonnaise squeez 710g
3660992011759;Moutarde de Dijon forte PRIX MINI - bocal 370g
3256227458965;U Haricots verts extra fins - 3 boîtes de 110g
8712100514036;Mayonnaise fine AMORA, flacon souple de 230g
3256222113715;U Pommes de terre entières - Boîte 530g
3256225736430;U Cornichons fins pasteurisés au vinaigre bocal de 360g
8711200552795;Mayonnaise De Dijon AMORA - Bocal 235g
3256226080815;U Moutarde mi-forte bouteille de 250g
3660992011780;Mayonnaise PRIX MINI - bocal 470g
8712566246526;Cornichons extra fins MAILLE, bocal de 380g
3256220112215;U Olives vertes dénoyautées bocal de 37cl - 160g
3256221209440;U Moutarde mi-forte bocal atlas de 37cl, 350g
3256222113661;U Haricots verts extra-fins - Bocal de 345g net égoutté
3256228673701;U Haricots verts extra fins Cuisson vapeur - Boîte de 440g net égoutté
3256221411010;U Cornichons extra-fins au vinaigre bocal de 185g
3250546095238;Moutarde mi-forte AMORA - verre de table de 230g
3011360030474;Mayonnaise classique aux oeufs plein air LESIEUR - Pot 475g
3256221209457;U Moutarde de Dijon bocal atlas de 37cl, 370g
8711200548002;Mayonnaise de dijon AMORA - flacon souple de 415g
3660992018963;Double concentré de tomates 28% PRIX MINI - 3x70g
3019081238643;Sardines huile d'olive vierge extra PARMENTIER - 135g
3165950217094;Salade de thon Pasta Les saladières SAUPIQUET - 220g
3256227447914;U Sauce déshydratée béchamel sachet de 60g
7613036891530;Bouillon cube Kub Or MAGGI, boîte de 32 cubes, 128g
3183280001800;Sel de mer extra fin iodé LA BALEINE, boîte de 125g
3183280000964;Sel fin iodé LA BALEINE, sachet de 500g
3256222973180;U BIO Jus de citron de sicile bouteille de 25cl
3368958404163;U DE NOS REGIONS Sel moulu de Guerande 250g
3660992011735;Gros sel de cuisine PRIX MINI - 1kg
7613032946142;Assaisonnement papillottes de poulet aux herbes de Provence MAGGI, sachet de 34g
3256221412185;U Jus de citron jaune 2x12,5cl
3256225454969;U Thon entier listao naturel pêche ligne 312g
3019081239879;Thon au Naturel Démarche Responsable PETIT NAVIRE - 280g poids net égoutté
8722700113348;Ketchup nature top down AMORA, flacon souple de 280g
3256225735808;U Thon listao entier au naturel pêche à la ligne boîte de 93g
3256226395506;U Chambre à air 700x3240C ETRTO 3240-622630
3183280012875;Sel fin iodé et fluoré LA BALEINE, boîte verseuse de 600g
3256229273436;U Sauce béchamel doypack 500g
3183280012837;Bicarbonate alimentaire LA BALEINE, étuit de 800g
3256221135336;U Filets de maquereaux à l'escabèche 169g
3250546694073;Ketchup top down AMORA flacon souple 850g
3256220170314;U Thon blanc au naturel boite de 112g
3660992011827;Double concentré de tomates PRIX MINI - tube 150g
8722700114703;Sauce barbecue AMORA, flacon souple de 490g
3256228924896;U Délice de tomates séchées bocal 190g
3261840000026;Gros sel gris marin PERROSEL, 1kg
3256228686695;U Tomates séchées 165g
3256225735792;U Thon naturel pêché à la ligne 3 boîtes de 1/10 - 168g
3250541913629;Sauce au beurre blanc KNORR, 30cl
3256222240480;U Salade mexicaine au thon 250g
8712100751370;Ketchup nature AMORA, flacon souple top down de 550g
3256222215143;U Sardine à l'huile d'olive vierge extra boîte de 135g
3263670113815;Sardines à l'huile d'olive vierge extra - CONNÉTABLE - 115g
3256221450385;U Ketchup nature 560g
4012200032947;Oignons frits KUHNE, boîte de 100g
3256227766138;U BIO Jus de citron 1l
8718114807980;Soupe déshydratée Forestière Champignons & Oignons KNORR 3 portions
3256225454976;U Thon listao au naturel pêché ligne x2 - 280g
3368958404156;U DE NOS REGIONS Gros sel de Guérande - Sac 1kg
0000087157215;U Batterie de secours U 10000mAh PD
3256222819785;U Ketchup nature flacon souple 340g
8715700421353;"Tomato ketchup HEINZ ""Top Down"", flacon souple de 460g"
3256228967206;U Double concentré de tomates 3x70g 210g
3256226399672;U Sauce liquide au poivre sachet de 200g
3660992021444;Sauce tomates cuisinée pur boeuf Prix Mini 420g
3256225454945;U Thon listao au naturel pêché ligne 140g
3038359011344;Sauce Tomates Fraîches 100% ingrédients d'origine naturelle PANZANI -3x190g
3256224061601;U Sauce provençale pot de 720ml, 680g
3256222215129;U Sardines à l'huile de tournesol boîte de 135g
3256224061663;U Sauce bolognaise bocal de 212ml, 200g
3256224061489;U Sauce tomates et basilic bocal de 420g
3256220126694;U Filets maquereaux à la moutarde ancienne boîte de 169g
3256227750632;U Sauce pesto rosso bocal de 190g
3038359011450;Sauce Tomate Provençale 100% ingrédients d'origine naturelle PANZANI -425g
3038359011412;Sauce Tomates Cuisinées 100% ingrédients d'origine naturelle PANZANI -425g
3660992012121;Thon au naturel en morceaux PRIX MINI - boîte 130g
3165957058010;Filets de maquereaux à la moutarde SAUPIQUET - 169g
8076809523547;Sauce Pesto Rosso BARILLA - 200g
3256227750625;U Sauce pesto verde bocal de 190g
3256221310542;U Soupe Velouté de potiron à la crème fraîche 1l
3038359007644;Sauce Bolognaise 100% pur boeuf PANZANI - 650g
3256228957795;U Soupe Velouté de tomates brique 1 litre
3256229431904;U BIO Sauce pesto vert , 190g
3256225454952;U Thon entier listao pêché à la ligne boîte de 215g
3660992012145;Miette thon à l'huile de tournesol PRIX MINI - boîte 150g
3256228957771;U Soupe Velouté aux 8 légumes 1 litre
8076809513722;Sauce Tomates Basilic BARILLA - 400g
3256220170093;U Filets maquereaux sauce tomate basilic 1/4, boîte de 169g
8076809513753;Sauce Pesto Genovese au basilic frais BARILLA - 190g
3038359007651;Sauce Bolognaise PANZANI - 425g
3038354199603;Sauce Pesto vert au Basilic d'Italie PANZANI - 200g
3256224061670;U Sauce bolognaise bocal de 446ml, 420g
3256223057506;U Soupe Velouté de légumes à la crème brique de 1l
8076809535755;Sauce Tomates Basilic BARILLA - 200g
3038359011429;Sauce Tomates Cuisinées 100% ingrédients d'origine naturelle PANZANI -650g
3038359004582;Sauce Bolognaise PANZANI - 210g
3038359010514;Sauce Bolognaise pur boeuf Français Bolo Balls PANZANI - 400g
3256224061687;U Chambre à air 700x3240C ETRTO 3240-622630
3256224061595;U Sauce provençale pot 446ml 420g
8002270044892;Eau minérale naturelle gazeuse SAN PELLEGRINO - 6x1l
3068320120263;Eau minérale naturelle plate EVIAN - 6x1,5l
3057640262128;Eau minérale naturelle plate VOLVIC - fontaine 8l
3254381055501;Eau de source CRISTALINE pet 8 litres
3256221095197;U Eau de source de montagne U bouchon standard 5 litres
3256223510032;U Eau de source de montagne d'Auvergne 6x1,5l
3257971091316;Eau minérale naturelle MONT ROUCOUS, 6 bouteilles de 1l
3179730115838;Eau minérale naturelle CONTREX - 6x1L
8445291061149;Eau minérale naturelle HEPAR - 6x75cl
5449000267467;Soda COCA-COLA Original - Pack Bouteilles 6x1,25L
5000112611861;Soda COCA-COLA Original - Bouteille 1,75L
5449000267412;Soda COCA-COLA Original - Bouteille 1,25L
5449000283900;Soda COCA-COLA Original - Pack canettes 6x33cl
3254381008439;Eau de Source gazeuse CRISTALINE bouteille 6x1,5L
3254381204312;Eau de source CRISTALINE, 12 bouteilles de 50cl
3254382025886;Eau de source CRISTALINE, 6 bouteilles de 1l
3256228410955;U Litière en silice pour chat 5L
3256222805245;U Litière agglomérante au charbon actif, 5L
3256228410931;U Litière minérale parfumée pour chat sac 14L
3256225736331;U Lait UHT demi-écrémé Bleu Blanc Coeur - 6 bouteilles de 50cl
3660992016396;Litière pour chats PRIX MINI - sac 10L
3261570006121;Bière blonde LA GOUDALE, 7,2°, 12x25cl
5410228307235;Bière ruby aromatisée fruits rouges LEFFE, 5° - bouteille 12x25cl
3080216054230;Bière blonde 1664, 5,5° - Bouteilles 12x25cl
3119780250080;Bière aromatisée téquila DESPERADOS, 5,9°, 20x25cl
3119780268368;Bière blonde HEINEKEN, 5°, 12x25cl
3119780268276;Bière blonde HEINEKEN, 5°, 20 bouteilles de 25cl
3080216050652;Bière blonde GRIMBERGEN, 6,7° - Bouteilles 12x25cl
3119780268382;Bière arômatisée à la tequila DESPERADOS, 5,9°, 12x33cl
5410228280538;Bière blonde LEFFE, 6,6° - bouteille 20x25cl
3256224234494;U Lait UHT demi écrémé - 6 briques de 1L
3256224234562;U BIO Lait UHT 1/2 écrémé Bouteille 6x1L
3173980044115;Lait demi écrémé UHT LE GOURMAND, 6x1l
3256225425617;U Lait UHT demi-écrémé Bleu Blanc Coeur - 6 bouteilles de 1L
7322540819342;Papier toilette confort LOTUS 2P x12 rouleaux
4008429694608;Litière chat minérale non agglomérante Hygiène plus CATSAN - 10L
3256222645575;U NATURE Litière végétale pour chat haute absorption 10L
5601028030281;Essuie-tout instagrammable RENOVA x4 rouleaux
3256224068167;U Essuie-tout blanc compact x3 = 6 rouleaux
3256224068150;U Essuie-tout blanc compact x2 = 4 rouleaux
3256226756062;U Papier toilette doux blanc 2 plis paquet de 12 rouleaux
3256220856980;U Papier toilette doux blanc 2 plis 18 rouleaux
3256221949582;U Papier toilette ultra moelleux blanc 3 plis 12 rouleaux
8000500290408;Machine sous-vide VS0290X-01 - FOODSAVER
3664346306584;Tablette Chocolat Noir Extra POULAIN - 3x100g
3045140105106;Chocolat au lait MILKA - Tablette de 200g
5000159560863;Barres chocolat Caramel cacahuètes SNICKERS x10
3017760497398;Barres de céréales au chocolat GRANY - Boite de 10 - 208g
8000500110683;Barres chocolat au lait KINDER, x16 soit Tablette de 200g
7613035366749;Barres de chocolat au lait KITKAT - 10 barres de 41,5g
3251490307002;Biscuits Goûter aux pépites de chocolat GERBLE - 3x4, 250g
5000159557702;Barres chocolat Biscuit caramel TWIX x5
3256220259576;U Chocolat noir dégustation 85% de cacao Tablette de 100g
8000500188620;Barres chocolat maxi KINDER , x20 soit 420g
3256222989761;U Chocolat au lait à pâtisser Tablette de 170g
3256220274319;U Chocolat noir pâtissier 2 Tablettes de 200g
7622210720566;Chocolat au lait du pays alpin, MILKA, tablette, 3x100g
3046920022606;Chocolat noir 85% cacao Excellence LINDT, Tablette de 100g
3103220041468;Assortiment de bonbons world mix HARIBO, boîte de 750g
4001686580332;Bonbon Mao mix maoam HARIBO, 250g
3046920022651;Chocolat noir 70% cacao Excellence LINDT, Tablette de 100g
3046920027885;Chocolat noir fleur de sel Excellence LINDT, Tablette de 100g
4009900452229;Chewing-gum White Menthe forte sans sucres FREEDENT 5x10 dragées
7610700601624;Bonbons sans sucre aux plantes et à la stévia RICOLA, 70g
7622210995087;Chocolat noir noisettes entières COTE D'OR, tablette 180g
8000500290392;Fines gaufrettes chocolat fourrées lait noisettes KINDER Bueno, 6x2barres, 258g
7613035040823;Chocolat noir pâtissier NESTLE DESSERT - Tablette 205g
3660992011544;Chocolat noir à pâtissier PRIX MINI - Tablette de 200g
3256220610452;U Chocolat noir à pâtisser Tablette de 200g
8000500290484;Gâteau KINDER bueno white, x6 soit 234g
8410076610737;Barres céréales Protéine cacahuètes & chocolat NATURE VALLEY - 4x40g
3256224360667;U Barres de céréales chocolat noir aux 5 céréales - 126g x6
3256220268363;U Chocolat noir dégustation 72% de cacao Tablette de 100g
7613035040793;Chocolat noir pâtissier NESTLE DESSERT - 2 tablettes de 205g
8000500273883;Gâteau KINDER CARDS lait et cacao T10, x10 étuis de 2 biscuits, 256g
8000500310427;Biscuits fourrés NUTELLA x22 - 304g
3061990141101;Mini biscuits fourrés chocolat BN, x5 soit 175g
7622210270078;Biscuits gaufrettes enrobés au chocolat supreme au lait MILKA - Maxi format de 300g
3660992011391;Biscuits fourrés chocolat PRIX MINI - 500g
3256225041404;U Mini biscuits fourrés ronds parfum chocolat 4x6, 168g
3660992011445;Biscuits fourrés chocolat PRIX MINI - 3x300g
3256220887854;U Palmiers feuilletés 2x100g
3660992020904;Biscuits tablette au chocolat lait PRIX MINI 150g
3061990143563;Biscuits fourrés chocolat BN x48, 855g
3017760221597;Biscuits gaufrettes fourrées saveur cacao BRUN, paquet de 146g
8000500223369;Biscuits croustillants fourrés au NUTELLA B-READY - 330g
3256229807105;U Gâteaux P'tits fourrés noisettes, 225g
3061990142214;Mini BN chocolat pochons x10 format familial 350g
7622300292508;Biscuits gaufrettes enrobés chocolat supreme au lait MILKA - Paquet de180g
3660992011438;Tartelettes à la fraise PRIX MINI - 200g
7622210100917;Biscuits fourrés au chocolat au lait Choco Pause MILKA, paquet de 260g
3256229689428;U Goûter p'tit fourré pocket chocolat au lait 295g
3256220210461;U Cookies au chocolat et pépites de chocolat 200g
3660992011490;Mini gâteaux fourrés chocolat PRIX MINI - 420g, x14
3061990143365;Biscuits fourrés chocolat BN x16 285g
3256220210454;U Cookies à la nougatine et pépites de chocolat étui de 200g
3660992018185;Génoises fourrées goût chocolat PRIX MINI x5 175g
3256229807112;U Biscuits P'tits fourrés au chocolat - 225g
5900951251818;Biscuits Chocolat minis billes M&M's x10
3017760465496;Biscuits barre au chocolat et au riz souflé Pepito pockitos LU - Paquet de 162g
3017760756198;Cookies aux gros éclats de chocolat biscuit GRANOLA, paquet de 184g
3256229802131;U Gâteaux Bâtonnets au chocolat au lait, paquet 150g
3017760635295;Biscuits sablés nappés au chocolat au lait pocket GRANOLA, paquet de 225g
3017760038379;Biscuits au chocolat noisette La Barquette Lulu LU, 2 paquets de 120g
3256229802124;U Gâteaux Bâtonnets au chocolat blanc, paquet 150g
7622210601988;Biscuits sablés nappés au chocolat au lait GRANOLA, paquet de 200g
3056440032696;Biscuits feuilleté chocolat, Petits Coeurs, LU, 125g
7622210421999;Biscuits petit beurre chocolat au lait Petit Ecolier LU, 2 paquets de150g
7622210422026;Biscuits petit beurre chocolat au lait pocket Petit Ecolier LU, paquetde 250g
3256229802148;U Sablés nappés au chocolat au lait, étui 200g
3256220022712;U Biscuits petit beurre choco lait fourré boîte de 268g
3256229802025;U Mini tartelette chocolat au lait coeur fondant au lait, 225g
3048282340602;Gâteaux fourrés au chocolat L'Ourson LuLu LU - Format familial 300g
3256229801943;U Petit beurre tablette de chocolat au lait, pocket 250g
7622210112262;Gâteaux fourrés au chocolat et aux pépites de chocolat MILKA - Paquetde 350g
3256229802117;U Biscuits barre chocolat au lait fourrage lait, 125g
7622210420213;Biscuits mini cookies aux pépites de chocolat GRANOLA - Paquet de 160g
3256224375548;U Cookies premium maxi pépites de chocolats paquet de 276g
3178530405804;Gâteaux Tronche de cake chocolat - ST MICHEL - x6 - 175g
3256225710102;U Gâteaux Goûters ronds fourrés goût chocolat x15, 3x300g, 900g
3017760002905;Biscuits barre nappés de chocolat au lait tendre coeur Petit Ecolier LU - Paquet de120g
7622210602015;Biscuits sablés nappés au chocolat au lait GRANOLA, 2 paquets de 200g
7622300689124;Cookies aux gros éclats de chocolat biscuit GRANOLA - Maxi format de 276g
3660140958752;Gâteau marbré SAVANE Tout chocolat noir Pocket BROSSARD, x7, 210g
3256224041535;U Gâteau Mini roulé fraise 150g
3256220031080;U Biscuits Galettes bretonnes pur beurre 2 paquets
7622210449276;Biscuits céréaliers fourrés au chocolat, Prince, LU, 2x300g
7622210449283;Biscuits fourrés au chocolat au blé complet PRINCE, paquet de 300g
3256220851220;U Gâteau Sprits au chocolat au lait 150g
3256220271325;U Palets dorés noix de coco 125g
5410126806069;Biscuits Spéculoos LOTUS, 2 paquets soit 250g
3256226396251;U Biscuits Galettes bretonnes aux pépites de chocolat 130g
7622210400598;Biscuits fourrés au chocolat croc' sablé PEPITO LU - Paquet de 2x294g
3256228411037;U Barquettes au chocolat et aux noisettes - paquet de 120g
3017760381598;Gâteaux aux pépites de chocolat Pepito LU - Format familial 300g
3256220065641;U Tuiles aux Amandes 100g
7622201815516;Gâteaux au chocolat L'Original Napolitain LU - Format familial 360g
7622210449931;Biscuits céréaliers fourrés au chocolat, Prince, LU, 3x300g
7622210400574;Biscuits céréaliers goût chocolat, Pépito Croc Sablé, LU, 294g
3256229689480;U Mini brownies pépites chocolat 240g
3256229837751;U Doonuts nappés chocolat au lait, paquet 180g
3256224375500;U Gâteau Stikéo bâtonnets chocolat lait 90g
3256220210058;U Mini gateaux pépites chocolat paquet de 360g
3256220031097;U Palets bretons pur beurre 2x125g
7622201809638;Gâteaux au chocolat L'Original Napolitain LU - Boîte de 180g
3256220210423;U Biscuits fourrés à la framboise nappés de chocolat paquet de 150g
3256220210102;U Boudoirs paquet de 175g
7622210421968;Biscuits petit beurre chocolat au lait Petit Ecolier LU, paquet de 150g
5410041040807;Biscuits génoises nappées framboise chocolat Pim's LU, paquet de 150g
8076800105735;Pâtes Penne Rigate BARILLA - 1kg
8076809523509;Pâtes Linguine Collezione BARILLA - 500g
8076800195057;Pâtes Spaghetti N°5 BARILLA - 500g
8076808150072;Pâtes Spaghettoni N°7 BARILLA - 500g
8076809523714;Pâtes Tagliatelles n°16 BARILLA - 500g
8076800105056;Pâtes Spaghetti N°5 BARILLA - 1kg
8076802085912;Pâtes Pipe Rigate BARILLA - 500g
3256228673589;U DE NOS REGIONS Pâtes Coquillettes aux oeufs IGP d'Alsace, sachet 250g
8076802085981;Pâtes Fusilli BARILLA - 500g
3660992011919;Pâtes Coquillettes PRIX MINI - 1kg
8076809512268;Pâtes Torsades BARILLA - 500g
3660992011933;Pâtes Spaghetti PRIX MINI - 1kg
8076809529433;Pâtes Penne Rigate au blé complet Integrale BARILLA - 500g
8008343200486;Pâtes Fusilli n°48 RUMMO, 500g
8076808050440;Pâtes Macaroni BARILLA - 500g
8076809514439;Pâtes Coquillettes BARILLA - 1kg
8076800195033;Pâtes Spaghettini N°3 BARILLA - 500g
8076808140325;Pâtes Coquillettes BARILLA - 500g
8076809583367;Pâtes Farfalle Generose Collezione BARILLA - 500g
3660992011926;Pâtes Macaroni PRIX MINI - 1kg
3038350014603;Pâtes GANSETTES blé Français PANZANI - 500g
3038350025005;Pâtes SPAGHETTI blé Français PANZANI - 1kg
3073190101250;Pâtes Spaghettis courts aux oeufs LUSTUCRU, 250g
3038350015006;Pâtes SPAGHETTI blé Français PANZANI - 500g
3038350013804;Pâtes PENNE RIGATE blé Français PANZANI - 500g
3038350339706;Pâtes PENNE RIGATE Cuisson Rapide 3 Minutes blé Français PANZANI - 500g
3038350333001;Pâtes COQUILLETTES Cuisson Rapide 3 Minutes blé Français PANZANI - 500g
3038350259806;Pâtes FARFALLE blé Français PANZANI - 500g
3038350343604;Pâtes TORTI Cuisson Rapide 3 Minutes blé Français PANZANI - 1kg
3038350013606;Pâtes TORTI blé Français PANZANI - 500g
3038350013507;Pâtes COUDES RAYES blé Français PANZANI - 500g
3038350023001;Pâtes COQUILLETTES blé Français PANZANI - 1kg
3038350013002;Pâtes COQUILLETTES blé Français PANZANI - 500g
3038350023605;Pâtes TORTI blé Français PANZANI - 1kg
3256221111781;U Pâtes Coquillette qualité supérieure, paquet cello de 500g
3256221111958;U Pâtes Coudes rayés qualité supérieure, sachet de 1kg
3256221111675;U Pâtes torsade qualité supérieure paquet de 1kg
3256220298896;U Pâtes Farfalle qualité supérieure, sachet de 1kg
3256221132557;U Pâtes à Lasagnes qualité supérieure boîte de 500g
3256221111767;U Pâtes Torsade qualité supérieure paquet cello de 500g
3256221111774;U Pâtes Spaghetti qualité supérieure, paquet cello de 500g
3256220298902;U Pâtes Coquillette cuisson rapide sachet de 500g
3256228665966;U Pâtes Torsade 3 couleurs - Sachet 500g
3256227108358;U Pâtes Tagliatelles Nids qualité supérieure sachet de 500g
3256221135367;U Pâtes Torsades au blé complet sachet de 500g
3256220299053;U Pâtes Torsade cuisson rapide sachet de 500g
3256221111613;U Pâtes Coquillettes qualité supérieure, 1kg
3256221111637;U Pâtes Macaroni qualité supérieure, sachet de 1kg
3256221111651;U Pâtes Spaghetti qualité supérieure, sachet cello de 1kg
3256221135381;U Pâtes Spaghetti au blé complet sachet de 500g
3256221135350;U Pâtes Coquillette au blé complet sachet de 500g
3165433864012;Sucre poudre pure canne bio DADDY profil pack kraft, 750g
3256221011005;U Farine de blé pâtissière T45 paquet de 1Kg
3256227732829;U BIO Farine Type 110 semi complète sur meule de pierre 1kg
3256227732805;U BIO Farine de blé T65 - 1kg
3165432100005;Sucre de canne pure en morceaux DADDY, 1kg
3068110702235;Farine de blé T45 FRANCINE, 1kg
3165430421300;Sucre en morceaux prédécoupé n°4 DADDY, 1kg
3256225435036;U Mélange de farines boulangères pour pain multicéréales 1kg
3660992011599;Sucre blanc en morceaux n° 4 PRIX MINI boîte 1kg
3165430501002;Cassonade pure canne DADDY 1kg
3660992011605;Sucre en poudre blanc PRIX MINI - sachet 1kg
3660992011582;Farine de blé T55 PRIX MINI - 1kg
3165433714010;Sucre en poudre DADDY profil pack kraft 750g
3256221011012;U Farine fluide T45 1kg
3165433724019;Sucre cassonade pure canne DADDY profil pack kraft 750g
3165430520003;Sucre en poudre DADDY, 1kg
3256225269044;U Sauce soja sucrée 150ml
3256224809746;U BIO Dessert végétal soja au chocolat, brique 530g
8852018101024;"Nouilles Instantanées ""YUM YUM"" arôme poulet sachet 60g"
3256220840101;U Sucre vanillé étui de 10 sachets - 7,5g
3256220280167;U BIO Lentilles vertes U BIO, paquet de 500g
3256225731893;U Amandes en poudre 125g
3256220367981;U BIO Riz basmati 500g
8712100724572;Levure chimique AlSA, sachet de 8 soit 88g
3256229266568;U BIO Galette de riz nappée de chocolat au lait , 100g
3068110801235;Farine fluide T45 FRANCINE, 1kg
8852018101147;Nouilles Instantanées poulet grillé YUM YUM 70g
3256223366707;U BIO Pâte Farfalles blanches bio, 500g
3256220280099;U BIO Pâte Coquillettes bio, paquet de 500g
3256225427888;U SANS GLUTEN Coquilles moelleuses sans gluten 180g
3256225731954;U Pignons de pin 50g
0046000815213;Grille-pain MOULINEX morning LS2M0810 1000W 1 fente bleu nuit-fonctions décongélation/réchauffage
3256225731992;U Pépites de chocolat noir 100g
8852018101017;"Nouilles Instantanées ""YUM YUM"" arôme boeuf sachet 60g"
3256223377413;U BIO Soja cuisine fluide , 3x20cl
3256229536234;U BIO Riz basmati, 1kg
3011360004420;Levure de boulanger Briochin ALSA, 5 sachets, 28g
3256226383343;U Pépites de chocolat lait sachet de 100g
3256225055296;U Nouilles en nids sachet de 250g
3256225134656;U Sucre poudre cassonade, étui bec verseur, 1kg
3165440007808;Chapelure dorée TIPIAK, 250g
3256225269037;U Sauce soja 150ml
3220035175000;Sucre en poudre ST LOUIS pack 650g
8712100338694;Fleur de maïs MAIZENA, paquet de 400g
3256220270571;U Levure chimique 6 sachets - 11g
3256225148370;U Lait de coco 200ml
3229820019307;Céréales flocons d'avoine complète Bio BJORG - Sachet 500g
8410076472953;Wraps de blé x6 OLD EL PASO 350g
3421557910203;Flocons d'avoine bio TERRE & CEREALES, 500g
8410076472946;Tortillas de blé x8 OLD EL PASO 326g
3168930009078;Céréales aux Flocons d'Avoine - QUAKER - 550g
3256229138018;U Lait de coco, 400ml
3256220666510;U Wraps de blé souples x6 370g
3256220666466;U Tortillas souples x8 320g
8886303210238;Lait de coco KARA, 200ml
3256228686619;U BIO Flocons d'avoine, paquet 500g
0000080861263;U Batterie de secours U 10000mAh PD
8052575090230;Pâte à tartiner Nocciolata Bio RIGONI DI ASIAGO, 250g
3660992011070;Biscotte au froment PRIX MINI - 750g
8052575090254;Pâte à tartiner Nocciolata bio RIGONI DI ASAIGO, 650g
3256229540484;U Pate à tartiner aux noisettes 750g
3256229540491;U Pâte à tartiner aux noisettes 400g
3664346312936;Pâte à tartiner Chocolat noisettes sans huile de palme - Pot de 400g
3256226384296;U BIO Pâte à tartiner aux noisettes sans huile de palme 350g
3017620422003;Pâte à tartiner aux noisettes NUTELLA, 400g
3017620421006;Pâte à tartiner NUTELLA, pot de 750g
3256220172516;U Miel de fleurs doseur de 250g
3256229878242;U BIO Beurre de cacahuètes bio, 350g
3256229540477;U Pâte à tartiner aux noisettes 1kg
3256228437921;U BIO Pâte à tartiner aux noisettes pot 700g
3017620425035;Pâte à tartiner NUTELLA, 1kg
3608580140559;Compotée pêche BONNE MAMAN, 590g
3256222010014;U Confiture d'abricots, 370g
3256222010007;U Confiture de fraises 370g
3256225434947;U Miel de fleurs doseur de 500g
3608580758686;Confiture fraises BONNE MAMAN, bocal de 320g
3608580823445;Confiture fraise intense BONNE MAMAN, 335g
3256220851114;U Confiture de fraise allégée pot de 335g
3256221094428;U Petits pains grillés au blé complet 400g
3041090061615;Biscottes fourrées au chocolat CRACOTTE - Paquet de 200g
7622210713803;Biscuits petit déjeuner au chocolat et céréales Belvita LU - Paquet de600g
3017760306492;Biscuits petit déjeuner aux céréales PRINCE, paquet de 300g
3256222977058;U Biscuits Petit déjeuner pépites de chocolat 600g
3182180002115;Tartines de pain grillé grillées Blé complet Grilletine PASQUIER - Paquet de242g
7622210713902;Biscuits Petit déjeuner miel et pépites de chocolat Belvita LU, 650g
3182180000692;Tartines grillées briochées Grilletine PASQUIER - Paquet de 255g
3256220020527;U Biscottes aux 6 céréales x36 - 300g
3041090061646;Biscottes fourrées à la fraise CRACOTTE - Paquet de 200g
3256224375494;U Biscuits Petit déjeuner miel pépites de chocolat paquet de 400g
3256224375487;U Biscuits Petit déjeuner tout chocolat paquet de 400g
3256221094411;U Petits pains grillés au froment 400g
3182180001477;Tartines de pain grillé Grilletines froment sans sucres ajoutés PASQUIER - paquet 255g
7300400481588;Biscottes Croustillantes Fibres WASA - 230g
3256221979138;U Pain grillé au blé complet 500g
3041090063114;Biscottes au froment CRACOTTE - Paquet de 250g
3182180002092;Tartines de pain grillé Grilletine froment brioche PASQUIER paquet 242g
3256225722075;U Biscottes au blé complet x36 tranches de 300g
3660992012244;Dessert fruitier de pommes allégée en sucres PRIX MINI - bocal 720g
3256228415240;U Biscottes froment antichoc x108 - 900g
3256229386563;U Tartines grillées craquantes au froment 250g
3017760719490;Biscottes les gourmands goût brioché, PELLETIER, 260g
3256228319692;U BIO Purée de pommes sans sucres ajoutés 625g
3256220661218;U Petits pains grillés briochés - 225g
3256229386570;U Tartines craquantes au blé complet 250g
3041090063206;Biscottes aux céréales complètes CRACOTTE - Paquet de 250g
3182180001996;Biscottes Blé complet Sans sucres ajoutés PASQUIER - Paquet de 300g
3256221976632;U Purée de pomme sans sucres ajoutés bocal de 680g
3017760542890;Biscottes pain blé complet grillé, PELLETIER, 500g
7622210416681;Biscottes HEUDEBERT - Paquet de 36 tranches - 290g
3256228103918;U BIO Pain grillé au blé complet 250g
3256220110204;U Petits pains grillés au froment 225g
3045320083446;Dessert fruitier pomme et poire ANDROS, bocal de 750g
3021762512522;Dessert fruitier Gourdes Fruits de nos Régions Multivariétés POM'POTES, 12x90g
3256225041534;U MAT ET LOU Crème dessert vanille 4x85g
3256220179980;U Dessert fruitier coupelle Poire sans sucres ajoutés, 4x100g
3256224763482;U Coupelles Méli mélo de fruits à la pêche, poire et ananas 4x65g
3256225718658;U MAT ET LOU Gourdes dessert fruitier à la pomme sans sucres ajoutés 20x90g
3021762420148;Dessert fruitier Gourdes Sans Sucres Ajoutés Pomme, Pomme Poire, PommeFraise,Pomme Banane Fraise POM'POTES, 20x90g
3021760291375;Dessert fruitier Coupelles Intense et Velouté Brugnon Abricot MATERNE,4x97g
3608580006015;Dessert pomme nature ANDROS, bocal de 660g
3256225042432;U Gourdes dessert fruitier pomme-pomme abricot pomme-fraise sans sucre ajouté 12x90g
3256221980837;U Oreillons de Pêches au sirop léger boîte de 465g
3256229521735;U Dessert fruitier Gourdes compote pomme poire sans sucre ajouté - 4x90g
3045320076127;Dessert fruitier de pomme en morceaux ANDROS, 740g
3660992012220;Dessert fruitier de pommes allégée en sucres PRIX MINI - coupelles 4x100g
3256225718665;U MAT ET LOU Gourdes dessert fruitier aux 4 parfums sans sucre ajouté 20x90g
3256225042449;U Gourdes dessert fruitier à la pomme sans sucre ajouté 12x90g
3021761202974;Dessert fruitier Gourdes 5 Fruits Rouges Pomme Cerise Fraise FramboiseMyrtille POM'POTES, 4x90g
3021762412464;Dessert fruitier Gourdes Sans Sucres Ajoutés Pomme, Pomme Poire, PommeFraise,Pomme Banane POM'POTES, 12x90g
3021760290422;Dessert fruitier Coupelles Pomme, Pomme Fraise, Pomme Framboise, PommeMyrtille MATERNE, 16x100g
3045320517101;Dessert fruitier de pomme allégée en sucre ANDROS, 730g
3045320083453;Dessert fruitier pomme et vanille ANDROS, bocal de 750g
3700279306861;Crème dessert Boîte Vanille MONT BLANC, 570g
3660992012237;Dessert fruitier de pommes et banane allégée en sucres PRIX MINI - coupelles 4x100g
3021762420124;Dessert fruitier Gourdes Sans Sucres Ajoutés Pomme Nature POM'POTES, 20x90g
3256220321372;U Café soluble Chicorée - 250g
7613033174667;Capsules NESCAFE AU LAIT N°7 - compatible DOLCE GUSTO - x16
3033710071005;Café soluble RICORE au lait - 400g
7613034227775;Café soluble RICORE éco - Recharge 180g
3228470065177;Café dosettes SENSEO CLASSIQUE - compatible - x40
7613032655495;RICORE Original Café & Chicorée - 260g
3256220310895;U Café moulu torréfié 100% arabica dégustation 2x250g N°4 - 500g
8000070200289;Café moulu CARTE NOIRE Classique - 250g
3368959873289;U SAVEURS Café moulu Colombie - 250g
3368959608799;U SAVEURS Café moulu arabica d'Ethiopie - 250g
8000070200326;Café moulu classique arabica CARTE NOIRE 2x250g
3228470065214;Café dosettes SENSEO corsé - compatible - x40
3256220065849;U Filtres à café n°4 - 80 unités
3256227728266;U Café Capsules espresso grande - compatible DOLCE GUSTO - x16
8711000892114;Café moulu GRAND MERE Familial - 4x250g
8711000500460;U Batterie de secours U 10000mAh PD
8711000300008;Café dosettes SENSEO Cappuccino Maison du café - compatible - x8
3187570015447;Café moulu MALONGO Petits producteurs - 250g
8000070200340;Café moulu CARTE NOIRE Classique N°7 - 3x250g - 750g
3368959873548;U SAVEURS Café moulu Brésil - 250g
8711000500316;Café Capsules L'OR Classique - compatible TASSIMO - x24
8711000539972;Café Capsules L'OR LONG INTENSE - compatible TASSIMO - x16
8711000892091;Café moulu GRAND MERE familial - 250g
3033710076017;Café soluble NESCAFE SPECIAL FILTRE L'ORIGINAL - 50g
8711000363706;Café Capsules L'OR CAPPUCCINO - compatible TASSIMO - x8
3033710073467;RICORE Original Café & Chicorée - 100g
8445290872036;Café Capsules NESCAFE LUNGO N°6 - compatible DOLCE GUSTO - x30
3256220041997;U Thé vert saveur menthe 50 sachets - 80g
3256229503267;Grille-pain HD2692/90 950W noir - PHILIPS
3256220113519;U Café soluble CAPPUCCINO CHOCOLAT - 144g
3256223669075;U Café dosettes aromatisé à la noisette - x10
3261341001744;Café en grains MEO ESPRESSO - 1kg
7613037788228;Café Capsules NESCAFE LATTE MACCHIATO CARAMEL - compatible DOLCE GUSTO- x16
3387390019995;Céréales au caramel et chocolat LION - 400g
3034470003107;Poudre chocolatée instantanée BENCO Energie, 400g
3256223196847;U Céréales fourrées au chocolat et noisettes boîte de 375g
7613035001848;Café Capsules RICORE LATTE - compatible DOLCE GUSTO - x16
8445290503206;Poudre chocolatée recharge NESQUIK - Poche 800g
3256220118460;U Céréales chocolatées et fourrées au chocolat - 600g
5059319025797;Céréales Special K KELLOGG'S Chocolat au Lait - 500g
3256220871334;U Céréales chocolatées fourrées au lait - paquet 600g
3660992011148;Préparation pour boisson chocolatée instantanée PRIX MINI - 800g
7613032568436;Café soluble NESCAFE CAPPUCCINO - 280g
7613031794331;Café Capsules NESCAFE LUNGO DECAFFEINATO N°6 - Brésil - compatible DOLCE GUSTO - x16
5053827199667;Céréales Trésor KELLOGG'S Chocolat au Lait - 410g
7613038902166;Thé Capsules Compatibles DOLCE GUSTO Marrakech Tea DOLCE GUSTO - x16
8711000468128;Chocolat milka SENSEO dosettes souples x8 112g
8445290133403;Poudre chocolatée NESQUIK boite 300g
7613035449626;Céréales chocolat CHOCAPIC Nestlé, 645g
8000070201422;Café dosettes CARTE NOIRE CLASSIQUE N°5 - x60
3256220063876;U Boisson chocolatée 7 vitamines granulée 800g
3168930010906;Céréales Cruesli au Chocolat Noir - QUAKER - 450g
3256220394079;U Céréales Muesli croustillant aux 4 noix paquet de 500g
3256224124887;U Céréales Muesli croustillant au chocolat au lait 500g
3168930010890;Céréales Cruesli au Chocolat au Lait - QUAKER - 450g
3159470000120;Céréales Corn Flakes KELLOGG'S - 500g
3256224357995;U Céréales Pépites et pétales aux 3 chocolats paquet de 400g
7613031508488;Céréales LION Nestlé, paquet 675g
5050083535079;Céréales Trésor KELLOGG'S Chocolat Noisettes - 1Kg
5050083542411;Céréales Trésor KELLOGG'S Chocolat au Lait - 1Kg
3256220394086;U Céréales Muesli croustillant aux fruits rouges doypack de 500g
3256229256651;U Céréales Muesli croustillant chocolat noir paquet 500g
5059319023762;Céréales Miel Pops KELLOGG'S - 330g
7613031915095;Céréales Chocapic, Lion, Nesquik NESTLE MIX - x6
3256224060697;U Céréales Muesli croustillant aux fruits secs paquet 500g
5053827199568;Céréales Trésor KELLOGG'S Chocolat Noisettes - 410g
3256220450140;U Céréales Muesli croustillant aux 3 chocolats - 500g
3256223072493;Sauce épicée sricacha TABASCO 256ml
3660992016068;Liquide vaisselle parfum pomme PRIX MINI - flacon 1L
3256228119667;U Lessive liquide - Olivier & fleurs de campagne - 30 lavages - 1.5 l
3256220291897;U NATURE Liquide vaisselle peaux sensibles - Flacon 500ml
3256225152216;U Gel wc javel
3450601047190;Liquide vaisselle mains biberons peaux sensibles ARBRE VERT flacon 750ml
8718951478800;Adoucissant SOUPLINE Ultra concentré Fraicheur Infinie Caresse d'Azur800ml
3011610056377;Sel régénérant lave-vaiselle standard SUN 1kg
3256227892417;U Liquide vaisselle parfum citron flacon 750ml
3256227752599;U Liquide de rinçage pour lave-vaisselle 1l
3256227748738;U Lessive liquide - Fraicheur - 30 lavages - 1.5 l
3256227744846;U Liquide vaisselle velours de pêche flacon de 750ml
3256227892448;U Liquide vaisselle peaux sensibles 500ml
3256225152100;U Gel wc parfum marine flacon de 750ml
3178041303545;Bloc wc power activ' ocean BREF WC - 50g
3045206300001;Désinfectant nettoyant multi usages eucalyptus 500ml
3045206313254;Lingettes désinfectantes multi usages eucalyptus SANYTOL, x72
3256220644402;U Tablettes lave-vaisselle citron tout en 1, x30
3256220358613;U Nettoyant vitres 3en1 pistolet de 750ml
3256229544550;U Allume-feu origine végétale U x40
3665468200545;Nettoyant javel pistolet expert CILLIT BANG 750ml
3256227741890;U NATURE Tablettes lave vaisselle tout en 1 x30
3660992016167;Eau de javel original bidon 5 litres PXM
3256225166008;U Pastilles de javel x48
3256228431691;U NATURE Vinaigre ménager 14° flacon 1l.
3256229230743;U Pastilles de javel eucalyptus x48
3256220644327;U Tablettes lave-vaisselle tout en 1 , boîte de 45
3660992016136;Eau de javel bec recharge 3x250ml PXM
3256222652511;U Détachant avant lavage sans javel flacon de 2l
3256226396770;U Lingettes anti-transfert de couleurs x25
3256222990323;Sauce épicée sricacha TABASCO 256ml
3256220331838;Blender chauffant PHILIPS HR2203/80 1,2L-1000w 5 modes
8718951612303;Dentifrice Chlorophyle Fraîcheur Intense COLGATE 75ml
3256220062626;U Eponge grattante multi-usages - x3
3256225134540;U Crème lavante lait amande camelia, recharge 250ml
3011261030962;Éponges végétale grattantes SPONTEX, x3
3286010046741;Lingettes visage et mains sensitives BIOLANE, x55
3660992012695;Lessive liquide - Classique - 50 lavages - 3 l
3574661700878;Recharge crème lavante mains fleur oranger bio LE PETIT MARSEILLAIS 250mL
3015810589284;Savon liquide hygiène plus PALMOLIVE recharge 250ml
3574661701028;Recharge crème lavante mains lait LE PETIT MARSEILLAIS 250ml
8720181416316;Dentifrice SIGNAL integral 8 Complet Prébiotique 75ml
8712561122924;Dentifrice anti-tartre SIGNAL, tube de 75ml
8712561384261;Savon liquide mains nutrition intense recharge DOVE 500ml
3014230002076;Dentifrice protection caries SIGNAL, tube de 75ml
3256226756338;U Protège-lingerie ultra-minces normal, x30
3014230002601;Dentifrice haleine pure SIGNAL, tube 75ml
3256225133963;U Crème lavante lait miel, recharge 250ml
3256225471102;U Sacs congélations lien classique petit modèle x50
5029053579276;Mouchoirs blancs family KLEENEX boîte x128
3256227554773;U Mouchoirs maxi 3 plis x150
3256225110810;U Mouchoirs boîte de 180
3133200153102;Mouchoirs blancs LOTUS, boîte de 48
3256226397166;U Mouchoirs 3 plis blanc lotion boîte de 90
3660992012800;Mouchoirs 2 épaisseurs PRIX MINI - boîte x150
3256224060963;U Mouchoirs blanc 3 plis Boite de 110 mouchoirs
3256221415599;U Mouchoirs 4 plis étuis compacts 15 paquets de 9 mouchoirs
3256221979084;U Mouchoirs blanc 3 plis boite cubique décorée x70
3256225472123;U Film étirable 2 en 1 fraîcheur et micro-ondes 20m
3256227455759;U Bâtonnets ouatés stick papier sachet recharge de 160
7322541086507;Coton-tiges LOTUS bâtonnets x160
3256227766589;U TOUT PETITS Coton carré de soin x200
3256229709348;U Papier spécial cuisson, 8 mètres
3660992017096;Papier aluminium PRIX MINI - 30m X 28cm
3256221135077;U TOUT PETITS Sérum physiologique - 40 doses
3256226755577;U TOUT PETITS Batonnets ouatés bébé - Boîte de 50
3256221135732;U Disque à démaquiller rond sachet de 70
3256223682098;U Coton carré douceur x50
3256225013029;U TOUT PETITS Cotons U TOUT PETITS maxi carrés bébé x80
3286018000318;Lingettes épaisses H2O BIOLANE éco-recharge x72
3660992017041;Bâtonnets cotons PRIX MINI - sachet x200
3256228431677;U Papier cuisson 30 feuilles U
3256225447114;U Aluminium rouleau 20 mètres
3256229709386;U Film étirable, 30 mètres
3660992017034;Disques à démaquiller PRIX MINI x120
3660992017065;Lingettes bébé TAMI PRIX MINI x72
3059944117951;Lingettes Hygiène Intime Hamamélis Fraîcheur Longue Durée - INTIMA - x20
3256228808615;U Sacs poubelle 100% recyclé liens coulissants - 50L - x15
3256220272780;U Sacs poubelle parfumés spécial salle de bain - 10L - x20
3256224757214;U Sacs poubelle ultra résistant 100% recyclé liens coulissants - 30L -x20
3660992017089;Sacs poubelle liens classiques PRIX MINI - 100L - x10
3256225444755;U Sacs poubelle 100% recyclé coulissants - 30L - x20
3256228808622;U Sac poubelle ultra résistant 100% recyclé liens coulissant - 50L - x15
3291918010206;Sac poubelle blanc x20, 10l
3660992017072;Sacs poubelle liens classiques PRIX MINI - 50L - x10
3256225444779;U Sacs poubelle 100% recyclé liens coulissants - 100L - x10
3660992017058;Sacs poubelle liens classiques PRIX MINI - 10X30L
3336971409151;Biscuits apéritifs salés MONSTER MUNCH, sachet de 135g
3256221212228;U Cacahuètes grillées à sec sachet de 150g
3256224757528;U Cacahuètes grillées à sec étui de 500g
3256227463525;U Biscuit apéritif Snacks diablos nature goût salé 75g
3336971307020;Biscuits apéritifs salés MONSTER MUNCH, sachet de 85g
3256227463440;U Biscuit apéritif Boules goût tomate sachet de 50g
3256224757535;U Noix de cajou grillées et salées étui de 400g
3256221212204;U Cacahuètes grillées et salées 250g
3168930006152;Cacahuètes Enrobées Saveur Bacon - BENENUTS TWINUTS - 150g
3256220359993;U Biscuits apéritifs Croquant goût cacahuète 90g
3256221212297;U Pistache grillée à sec sachet de 150g
7622210634665;Biscuits apéritifs Croustilles cacahuètes format party BELIN - Sachetde 210g
3256225733699;U Cacahuètes grillées sans sel ajouté paquet de 150g
3256227479359;U Pistaches grillées et salées 300g
3336971609018;Soufflé donuts cacahuètes CURLY, 100g
3168930000983;Biscuits apéritifs Saveur Bacon - LAY'S 3D'S BUGLES - 85g
3256224757511;U Cacahuètes grillées et salées sachet de 500g
3256225733705;U Noix de cajou sans sel ajouté sachet de 150g
3256221212266;U Noix de cajou grillées salées 100g
3256220066143;U Tortilla chips goût salé paquet de 150g
3168930007906;Biscuits apéritifs Saveur Nature - LAY'S FRITELLE - 80g
3168930001911;Biscuits apéritifs Saveur Cacahuète - LAY'S 3D'S BUGLES - 85g
3256220514644;U Biscuits apéritifs Crackers apéritifs triangles au sésame et pavot, 100g
5410041143508;Biscuits apéritifs crackers goût bacon TUC - Paquet de 100g
3168930000990;Biscuits apéritifs Saveur Nature - LAY'S 3D'S BUGLES - 85g
3182180002306;Toasts de pain grillé PASQUIER - Paquet de 100g
3256227463457;U Biscuits apéritifs Coffret snacks 100g
3018930004903;Biscuits apéritif bretzels d'Alsace maxi ANCEL, sachet de 200g
7622202023958;Biscuits apéritifs Crackers monaco emmental BELIN, 110g
3256224371410;U BIO Gressins au sésame paquet de 125g
3256224365891;U Biscuits apéritifs Crackers Puzzles emmental 105g
3256221498240;U Tuiles goût crème et oignon boîte de 170g
5053990155354;Chips tuiles Crème et Oignon PRINGLES - Boîte de 175g
3256221220223;U Snacks pétales salés paquet de 75g
3256224069096;U Biscuits apéritifs Crackers assortiment paquet de 100g
3061994430003;Biscuits apéritifs LAY'S fritelle bacon Bénénuts sachet 80g
3256222642420;U Gressins à l'huile d'olive et romarin paquet de 125g
3017760459594;Biscuits apéritifs crackers réception BELIN - Paquet de 380g
3327271903746;Maxi pop-corn sucré microndable MENGUY'S, 3x90g
3017760361194;Biscuits Salés Apéritifs, Chipster, BELIN, 150g
3660992011261;Cacahuètes grillées à sec PRIX MINI 150g
5410041001204;Biscuits Salés Apéritifs, TUC, 100g
3027030007622;Mini assortiment sticks & bretzels d'Alsace ANCEL, tubo 137g
7622210652478;Biscuits Salés Apéritifs, Croustilles, BELIN, 138g
7622210634658;Biscuits Salés Apéritifs, Croustilles, BELIN, 210g
3256220728683;U Chips à la crevette 50g
3256221498462;U Tuiles goût salé paquet de 170g
3336970711064;Biscuits apéritifs CURLY l'original, 160g
3256227463488;U Biscuits apéritifs Soufflés à base de maïs goût oignon 60g
3256221952254;U Tuiles goût barbecue 170g
5053990156009;Chips tuiles Original PRINGLES - Boîte de 175g
3256220071529;U Croquant goût emmental 90g
3327271206915;Cacahuètes grillées salées MENGUY'S, 390g
3256221498417;U Tuiles goût paprika 170g
7622202027154;Chipster pétale salé BELIN, paquet 85g
5000396021202;Biscuits apéritifs Crackers original RITZ 200g
3497917000303;Chips ondulées saveur crème oignons BRETS, sachet de 125g
3168930171683;Chips Saveur Nature - LAY'S - Format Familial 250g
3256220363310;U Chips paysanne nature paquet de 150g
3497911105127;Chips ondulée au vinaigre BRET'S, sachet de 125g
3497911101129;Chips saveur poulet braise BRET'S, 125g
3336971110170;Chips extra craquantes nature salées maxi format VICO, 400g
3256221011432;U Chips à l'ancienne nature 150g
3256229529120;U Chips Nature, 350g
3168930167983;Chips à l'Ancienne Saveur Nature - LAY'S - 155g
3256225059980;U Chips à l'ancienne nature 300g
3168930168287;Chips à l'Ancienne Saveur Nature - LAY'S - Multipack 6x28g
3497911119148;Chips easy les natures ondulées au sel de Guérande BRET'S, 6x25g
3336972109104;Gâteau apéritif chips de lentilles oignons caramélisés Natur'& bon VICO, sachet de 85g
3336971805021;Chips de lentilles et fines herbes Natur'& bon VICO, 85g
3256220267090;U Chips extra craquantes nature U 150g
3497917000907;Chips de pommes de terre ondulées saveur fromage BRETS, 125g
3256221661712;U Chips extra craquantes nature 6x30g
3336972109098;Biscuits apéritifs Natur'&bon chips de lentilles goût paprika VICO, sachet 85g
3336971209232;Chips la classique nature VICO, 270g
3256221011524;U Chips nature multipack 6x30g easypack
3256221659290;U Croûtons ronds frits pour soupe saveur fromage 2x90g - 180g
3256220360531;U Croûtons ronds frits pour soupe nature 2x90g - 180g
3256228976062;U Croûtons salade nature 60g
3256220360548;U Croûtons ronds frits pour soupe saveur ail 2x90g - 180g
3256220206204;U Sauce barbecue U 350g
3256220206198;U Sauce burger U 350g
8718951786585;Liquide vaisselle PAIC Éclat Citron en flacon 750mL
3600900021487;Tendres Perles sachets cuisson offre découverte TIPIAK - 350g
3484703000302;Soda BREIZH COLA zéro, pack bouteille 6x1,5L
3484702000013;Soda BREIZH COLA, bouteille 6x1,5L
3760060016737;Litière bi carbonite, TRANQUILLE, sac 5L
54050051;Bière ambrée KWAK, 8,4° - bouteille 33cl
3011360030498;Mayonnaise aux oeufs frais LESIEUR, 175g
87157215;Tomato ketchup HEINZ, 250g
3256220205795;U Sauce façon bolognaise bocal de 680g
3256223375549;U Filets de maquereaux au naturel 176g
46000815213;Mélange d'épices pour guacamole OLD EL PASO 20g
8052575090278;Pâte à tartiner Nocciolata bio RIGONI, 650g+185g offert, 835g
80861263;Pâte à tartiner aux noisettes et au cacao NUTELLA 220g
3256229522268;U BIO Purée de pomme vanille sans sucre ajouté, bocal 625g
8711000539798;Café Capsules L'OR LONG Classique - compatible TASSIMO - x16
8711000612293;Café TASSIMO petit déjeuner Grand Mère, x24 dosettes, 200g
3168930006145;Cacahuètes Enrobées Saveur Salée - BENENUTS TWINUTS - 150g
7622202023989;Biscuits apéritifs Crackers monaco emmental BELIN, 170g format familial
3497917000136;Chips paysannes au sel de Guérande BRETS, sachet de 250g
